num_cores,core_freq,gpu_freq,emc_freq,cache_pressure,swappiness,dirty_ratio,dirty_bg_ratio,drop_caches,policy,sched_rt_runtime,sched_child_runs_first,memory_growth,inference_time,total_energy_consumption,L1-dcache-load-misses,L1-dcache-loads,L1-dcache-stores,branch-load-misses,branch-loads,branch-misses,cache-misses,cache-references,context-switches,cycles,instructions,irq_handler_entry,irq_handler_exit,softirq_entry,softirq_exit,softirq_raise,major-faults,migrations,sys_enter,sys_exit,sched_boost_cpu,sched_boost_task,sched_migrate_task,sched_process_exec,sched_process_exit,sched_process_fork,sched_process_free,sched_process_wait,sched_stat_runtime,sched_wakeup,sched_wakeup_new,sched_waking
1.0,1728000,726750000,1062400000,0,10,5,5,0,0,500000,1,0.9,70.1745390892029,702971,697355469,3740879838,3720230734,67365512,2058740454,67537037,692235406,3685281254,26558,27860711042,9050552593,11858,11858,13215,13215,13926,160,0,130596,128954,0,16871,2,1633,1643,1642,10,1631,17089485600,20952,1642,20952
3.0,1728000,1300500000,1062400000,0,10,50,5,0,0,500000,0,0.9,49.337528705596895,831420,566161846,3808820632,3802558140,60557345,2115539458,60735045,571400836,3862328353,13722,57923862651,9185251810,11997,11997,20441,20441,20895,3,2767,96057,94865,0,19394,3659,1183,1193,1192,246,1181,34160489280,12619,1192,12619
3.0,1267200,1300500000,800000000,0,10,5,5,0,1,950000,0,-1.0,61.1825029850006,866825,712154789,4697985448,4690236767,70656324,2644684541,70980779,717092320,4736521938,18394,66960868010,11316121473,17861,17861,30301,30301,30862,7,3582,116758,115278,0,28260,4615,1471,1481,1480,303,1469,53763179232,16889,1480,16889
1.0,652800,1300500000,1062400000,0,10,5,5,0,0,500000,0,-1.0,52.3503704071045,848340,526231991,3046290746,3000701372,54326114,1640932352,54884515,537646614,3051455456,15968,24735489523,7283341210,6688,6688,9256,9256,9549,3,0,95031,93767,0,11283,1,1255,1265,1264,6,1253,13285998976,14254,1264,14254
2.0,1113600,1300500000,1600000000,0,10,50,5,0,1,500000,1,0.9,41.45534133911129,788631,465967105,3094877869,3121033337,53752121,1683592334,53761117,474233240,3130894169,14575,40151210314,7294305302,8671,8671,12676,12676,13071,3,2106,82248,81248,0,10886,2466,991,1001,1000,166,990,22168771808,10544,1000,10544
3.0,2035200,726750000,1866000000,0,10,5,5,3,0,500000,0,-1.0,53.148115396499605,750732,595466848,3937775078,4072070917,61122435,2318876115,60425635,592096398,4028401430,12076,54634790873,9489861956,9639,9639,17467,17467,17922,4,2322,101343,100055,0,17993,3302,1279,1289,1288,277,1277,27952566496,11223,1288,11223
3.0,1881600,726750000,800000000,0,10,5,5,0,1,950000,1,0.5,67.8775506019592,696957,775697202,4846928207,4895444963,74716090,2774422849,74903914,765732354,4854062491,18436,88872632281,11515942434,16092,16092,28425,28425,29041,4,3405,128049,126413,0,27952,4960,1627,1637,1636,347,1625,47724666624,16845,1636,16845
2.0,345600,624750000,665600000,0,10,50,5,0,0,500000,0,-1.0,134.913598060608,986145,1401666557,8624358760,8701770640,118382102,5406875673,118117842,1394730259,8591398200,40689,80316449432,22228548811,22557,22557,34593,34593,35889,5,6519,231520,228276,0,35302,7628,3235,3245,3244,458,3233,54634440576,32318,3244,32318
2.0,499200,1032750000,800000000,0,10,50,5,3,0,500000,0,0.5,60.446035623550394,762834,693188279,4296108160,4395570319,68787200,2423650673,68051410,676628944,4297059706,20115,77584738222,10165285333,15223,15223,22179,22179,22782,0,2540,111930,110474,0,15889,3973,1447,1457,1456,239,1445,39350781792,16681,1456,16681
4.0,960000,1032750000,1331200000,0,10,50,5,3,0,950000,1,0.9,56.6158039569855,722415,633119978,5489000290,5527093021,64059372,3766739476,64566692,624655864,5497368169,16316,25290576366,14317068622,10326,10326,19922,19922,20443,108,4102,112594,111222,0,32953,4461,1363,1373,1372,301,1361,27045040960,15905,1372,15905
2.0,1420800,624750000,1600000000,0,10,50,5,0,1,950000,0,0.5,63.7537753582001,707290,726454465,4541550533,4480301379,67775539,2408572486,68417270,729417633,4534487334,19184,44765013840,10698634311,12102,12102,18893,18893,19479,11,3014,116736,115196,0,13854,3698,1531,1541,1540,225,1529,32245417952,15480,1540,15480
3.0,1420800,1032750000,1600000000,0,10,50,5,0,0,950000,1,0.5,45.1147985458374,704030,517259781,3550450644,3589920464,55364152,2016489509,55042704,518128434,3539400960,11354,45228488822,8419016023,8337,8337,14581,14581,14934,9,2302,88932,87836,0,16907,2885,1087,1097,1096,210,1085,24707071168,9489,1096,9489
2.0,652800,930750000,1062400000,0,10,50,5,0,0,950000,1,0.5,56.883788108825705,705450,660885391,4119956473,4167511385,66912919,2288232120,66813071,643447253,4070733279,21403,63796607915,9522045368,14850,14850,21332,21332,21876,0,2591,108431,107059,0,12807,4093,1363,1373,1372,235,1361,37740361472,16226,1372,16226
3.0,1574400,1134750000,1600000000,0,10,50,5,0,1,950000,1,0.9,44.4669213294983,711596,503986172,3517849562,3504955887,55901438,1965950986,56197760,508051297,3529329743,12128,39114771913,8368429943,9021,9021,15188,15188,15533,7,2379,88058,86986,0,17315,2962,1063,1073,1072,198,1061,25367782016,10244,1072,10244
3.0,1113600,828750000,665600000,0,10,50,5,3,0,500000,1,-1.0,72.646162033081,716560,824982960,5325368798,5306839721,78915981,2988274675,78929471,833341854,5347302364,21351,88916417105,12692304648,21140,21140,35784,35784,36428,0,4121,136853,135097,0,29897,6046,1747,1757,1756,384,1745,63298274176,19658,1756,19658
3.0,1420800,930750000,1331200000,0,10,50,5,3,0,500000,1,0.5,54.0612959861755,668164,581857131,4783216190,4799893717,58490009,3141792012,58523558,575357035,4797259235,16149,24959922750,12402829198,7445,7445,14018,14018,14474,72,3813,105325,104025,0,21860,3540,1291,1301,1300,221,1289,18374904320,13353,1300,13353
1.0,652800,1300500000,1062400000,0,10,5,5,0,0,500000,0,-1.0,54.099023103713996,864129,548046279,3145739983,3091859094,56515108,1675675163,57129427,548746926,3130991957,15551,26976468857,7663544069,7120,7120,9747,9747,10121,1,0,98439,97127,0,11230,0,1303,1313,1312,4,1301,14371356832,14386,1312,14386
2.0,499200,1032750000,1866000000,0,10,50,5,3,0,950000,0,0.5,44.23599743843079,764178,498631196,3303544388,3358885733,56683271,1903459823,56686328,495019859,3341781550,13346,44379372288,7927917476,8656,8656,13217,13217,13600,6,2170,84849,83777,0,6718,2648,1063,1073,1072,147,1061,22407440768,11039,1072,11039
3.0,960000,828750000,800000000,0,10,50,5,0,1,500000,1,-1.0,70.1342744827271,724512,738171060,5679871825,5629697736,71446533,3678064149,71941198,747306645,5666667226,20681,48369518572,14496949170,11752,11752,21166,21166,21808,87,4390,137235,135575,0,28338,5142,1651,1661,1660,377,1649,28796627520,18131,1660,18131
2.0,345600,624750000,1331200000,0,10,50,5,3,1,950000,0,0.5,69.0797078609467,692360,779118384,4801839948,4844462410,75670772,2724232181,74977725,792284204,4851111902,22491,47849018659,11497770091,14789,14789,22471,22471,23101,3,3243,125802,124130,0,16648,4300,1663,1673,1672,220,1661,38946215008,18446,1672,18446
2.0,2035200,1236750000,1062400000,0,10,5,5,3,1,500000,1,0.9,49.7352657318115,790926,583543982,3673440283,3621327505,59565139,1864785566,59732792,587817158,3711768499,19271,59953393728,8645460163,11922,11922,17376,17376,17876,33,2126,96580,95376,0,10747,3495,1195,1205,1204,199,1193,30332868512,14305,1204,14305
2.0,2035200,828750000,1866000000,0,10,50,5,3,0,500000,0,0.5,50.7566950321198,761460,587987899,3742331853,3759838753,61199911,2077580020,60267579,580962965,3699831461,15591,52422169504,8581666590,10278,10278,15566,15566,16022,34,1797,95753,94525,0,12609,2556,1219,1229,1228,158,1217,26472013024,12694,1228,12694
3.0,1267200,726750000,1331200000,0,10,5,5,0,1,950000,0,-1.0,60.0176298618317,641455,696415167,4678528665,4661522252,66797810,2641491829,67115213,703384885,4726406470,16734,44347563437,11272446689,12546,12546,22521,22521,23079,3,3505,114074,112618,0,24829,4300,1447,1457,1456,299,1445,36117081888,15476,1456,15476
3.0,345600,726750000,1331200000,0,10,5,5,0,1,500000,0,0.9,62.0497374534607,664829,698529152,4640761220,4622811056,71486431,2650970128,70904248,705304645,4666072621,16870,45102191854,11089820778,12969,12969,22931,22931,23522,3,3073,117669,116165,0,25646,4489,1495,1505,1504,350,1493,36850317760,15576,1504,15576
2.0,499200,828750000,1062400000,0,10,50,5,3,0,950000,1,-1.0,63.1375510692597,693132,659534339,4375855949,4396739278,66339317,2767194823,66094184,658829628,4375979803,21941,27130086637,11070447157,9815,9815,14903,14903,15482,90,3436,117816,116300,0,16643,3685,1507,1517,1516,196,1505,20501355008,16333,1516,16333
3.0,1728000,1236750000,800000000,0,10,50,5,3,0,950000,0,0.9,58.5010442733765,847789,677391883,4359138799,4325775323,65773998,2381057619,65960787,688507414,4356552810,15924,80561803228,10152985917,14771,14771,25391,25391,25945,9,3204,112740,111320,0,22353,4595,1411,1421,1420,318,1409,43585220992,14609,1420,14609
2.0,2035200,1134750000,1600000000,0,10,5,5,3,1,500000,0,0.5,46.3735399246216,741878,524394915,3575890969,3520854599,57026291,1888022791,57527638,538114162,3599424616,15878,48369602564,8271883990,10724,10724,14698,14698,15139,130,1717,87105,86021,0,9426,2693,1075,1085,1084,138,1073,24328808544,12776,1084,12776
3.0,2035200,930750000,1062400000,0,10,50,5,3,1,500000,0,0.9,53.465215206146205,682091,548510043,4420365610,4369788253,56623620,2889417730,55806937,553541613,4409350823,13201,29576080868,11295255397,6137,6137,12262,12262,12674,4,3326,102907,101619,0,17150,3296,1279,1289,1288,217,1277,15434513664,11306,1288,11306
3.0,1728000,1134750000,800000000,0,10,5,5,0,1,950000,1,-1.0,60.211404085159295,791662,695145134,4539876979,4584555856,68672141,2634695170,68239309,682243973,4476395727,16066,74964640503,10579982679,14865,14865,25554,25554,26074,0,3143,114818,113362,0,23595,4523,1447,1457,1456,332,1445,43953378944,14358,1456,14358
3.0,1574400,1134750000,1600000000,0,10,50,5,0,1,950000,1,0.9,48.658735752105706,742672,516399972,4301906070,4297886354,54585661,2813294255,54287754,516660465,4321815046,14586,22173030660,11221599035,6528,6528,11672,11672,12071,108,3143,97041,95861,0,18994,3179,1171,1181,1180,173,1169,14869055168,12051,1180,12051
3.0,652800,1236750000,1866000000,0,10,50,5,0,0,950000,1,0.9,39.9106492996216,795727,420601484,3522998440,3565181161,46317470,2247133089,46526416,417508920,3504561925,10898,18394774308,9124583791,4276,4276,8305,8305,8571,3,2598,80021,79057,0,15095,2460,955,965,964,137,953,10622519360,8913,964,8913
2.0,499200,1032750000,1866000000,0,10,50,5,3,0,950000,0,0.5,43.95504975318911,760798,505878107,3350871108,3308754897,55455978,1751971420,55672003,513986221,3363981666,13904,45653706333,7781035869,9226,9226,13760,13760,14153,41,2124,84246,83186,0,9736,2423,1051,1061,1060,140,1049,22940004160,11635,1060,11635
2.0,960000,1134750000,1866000000,0,10,5,5,0,0,500000,1,-1.0,43.538026094436596,783549,513045001,3394511362,3322434580,56133682,1762506066,56618173,525174629,3398059807,16250,44768744131,7759109129,10817,10817,15205,15205,15666,4,2057,87334,86274,0,9366,3078,1051,1061,1060,203,1049,26642221696,12215,1060,12215
2.0,1728000,1134750000,1062400000,0,10,50,5,0,0,950000,1,-1.0,54.335261106491096,750538,549646699,3870801120,3847439961,56102231,2431477244,57172696,564915984,3866690056,16640,27144452617,9853893493,6942,6942,11028,11028,11500,100,2681,103196,101902,0,10953,3176,1285,1295,1294,172,1283,15479907296,11665,1294,11665
2.0,2035200,1134750000,1600000000,0,10,50,5,3,1,500000,0,0.5,43.363934755325296,733786,504256690,3266513861,3307063045,54042605,1795972226,53129619,494239795,3202404372,12838,44620695622,7301977215,8905,8905,12897,12897,13284,1,1535,83463,82415,0,6566,2440,1039,1049,1048,146,1037,22667667488,10129,1048,10129
1.0,652800,930750000,1062400000,0,10,50,5,0,1,950000,1,0.9,60.359513759613,711628,622648089,3337429484,3384373978,60660843,1831901808,60908376,618512215,3353401181,23135,24006283586,8316838495,9170,9170,10650,10650,11180,4,0,116322,114866,0,14275,0,1447,1457,1456,12,1445,14795766112,17860,1456,17860
4.0,1420800,1300500000,1331200000,0,10,5,5,3,1,950000,0,0.9,45.5199024677277,781291,526147174,3659512870,3671663213,57227382,2086232600,57057722,526084058,3647952540,10323,40931668969,8707329667,9577,9577,18317,18317,18712,5,2255,92079,90971,0,20245,3389,1099,1109,1108,312,1097,29523782496,10478,1108,10478
3.0,1113600,1236750000,1062400000,0,10,50,5,3,0,950000,0,0.5,49.9249269962311,792149,574907898,3860517727,3796551374,59753201,2102499835,61157008,572422744,3850467351,13649,61947179936,9138090158,11720,11720,20225,20225,20675,34,2848,96964,95760,0,20012,3818,1195,1205,1204,238,1193,33363284800,12756,1204,12756
3.0,1881600,726750000,800000000,0,10,5,5,0,1,950000,1,0.5,67.3209218978882,695960,762176270,4872196290,4837780765,73072946,2661694487,73337164,782446564,4891787515,18069,88041909879,11512366337,16269,16269,28682,28682,29333,0,3401,126752,125128,0,28172,5029,1615,1625,1624,379,1613,47401136864,16536,1624,16536
1.0,960000,1300500000,1600000000,0,10,50,5,0,0,950000,0,0.5,70.3525674343109,978717,732788375,3990943289,4040739343,70419820,2212692752,69529253,734723068,4028355826,24870,22848859836,9757603349,12801,12801,18298,18298,18902,5,0,125335,123639,0,19659,0,1687,1697,1696,9,1685,25580744672,24534,1696,24534
3.0,1267200,726750000,1331200000,0,10,50,5,0,1,950000,0,-1.0,60.2646703720093,646166,695110666,4561882545,4589489626,65410129,2573730886,65778673,692048272,4575883229,15848,44217282811,10984185835,12249,12249,22717,22717,23296,3,3584,114133,112677,0,24477,4180,1447,1457,1456,309,1445,36173182336,14290,1456,14290
2.0,1574400,828750000,1600000000,0,10,50,5,3,1,500000,1,0.5,53.17141580581671,675924,601640655,3865660173,3951095294,65327924,2212198901,63970275,595655681,3820936174,20732,45260531973,9002769766,12249,12249,17707,17707,18229,35,2639,103029,101741,0,9805,3785,1279,1289,1288,236,1277,29566126080,15769,1288,15769
2.0,2035200,1134750000,665600000,0,10,50,5,3,0,500000,1,0.9,78.19356250762941,887461,866561431,5595241241,5576928709,87949225,3192979805,87605686,870851629,5565317702,54668,92308399179,13426552163,34781,34781,29224,29224,30144,30,3342,145592,143818,0,22840,5959,1765,1775,1774,276,1763,45804923840,41967,1774,41967
3.0,1267200,1134750000,1866000000,0,10,5,5,3,1,950000,0,-1.0,43.1843886375427,788853,481459025,3327609470,3348842738,54133715,1902492604,55228218,489646487,3448568890,9908,40237812593,8329937921,8321,8321,14706,14706,15071,5,2243,85591,84543,0,13574,2968,1039,1049,1048,211,1037,24074426784,9038,1048,9038
4.0,1420800,1300500000,1331200000,0,10,50,5,3,1,950000,0,0.9,45.319010972976706,774167,484514696,4380729857,4353278089,51308987,2958235797,51928243,484525389,4387011162,11025,21676588551,11606357467,5671,5671,12262,12262,12599,10,2805,91928,90832,0,20016,3081,1087,1097,1096,213,1085,16014621792,10267,1096,10267
1.0,1574400,726750000,665600000,0,10,50,5,0,1,500000,0,0.5,86.1588087081909,749128,885019098,4662766212,4669918592,80232631,2567177142,81005461,883214597,4676773312,29998,44117773574,11477471453,15712,15712,21660,21660,22388,11,0,150391,148311,0,23118,0,2071,2081,2080,10,2069,29923897984,29630,2080,29630
2.0,1881600,1032750000,1600000000,0,10,5,5,3,0,500000,0,0.9,45.150835752487204,705664,514983341,3340503149,3368911554,57114958,1816825026,56439739,520880137,3382954534,13557,48187798314,7960715291,9501,9501,13981,13981,14407,0,1748,87215,86119,0,10934,2522,1087,1097,1096,166,1085,24460426368,10820,1096,10820
2.0,1881600,1300500000,1866000000,0,10,50,5,3,1,950000,0,0.5,39.987450361251796,862642,497999441,3471103720,3449268868,54981920,1746681044,55034370,503092997,3444340883,14586,63724125560,7687576031,12050,12050,15881,15881,16251,0,1620,79374,78398,0,8890,2565,967,977,976,142,965,31416907904,11385,976,11385
2.0,499200,1032750000,1866000000,0,10,5,5,3,0,950000,0,0.5,47.0374958515167,782840,498881951,3444716592,3431469898,52382836,2040152212,53015761,491762349,3515702087,13258,21592685165,8737224149,5310,5310,8541,8541,8895,82,2753,89668,88536,0,10157,2632,1123,1133,1132,112,1121,11637403168,10426,1132,10426
3.0,1420800,930750000,1331200000,0,10,50,5,3,0,500000,1,0.5,52.0358488559723,663141,600401322,4044883704,3962574765,62383800,2188702315,62603380,615081917,4107144039,15561,46007498840,9719808044,11470,11470,19931,19931,20367,34,3167,102082,100818,0,22465,3797,1255,1265,1264,232,1253,33336502656,13573,1264,13573
3.0,1113600,1236750000,1062400000,0,10,5,5,3,0,950000,0,0.5,49.9737782478333,791966,578297636,3836687502,3909933936,59270988,2159865137,58549978,576045444,3802889432,12947,60807023687,8943650691,11272,11272,19665,19665,20118,12,2853,97198,95994,0,20789,3613,1195,1205,1204,240,1193,32962389184,11734,1204,11734
2.0,345600,624750000,665600000,0,10,5,5,0,0,500000,0,-1.0,91.4434564113617,781963,981967972,6317244190,6371264725,91391248,3875968445,91334246,959433150,6348511202,33184,51253413778,16275755682,18698,18698,23637,23637,24598,91,4758,163607,161431,0,20706,6006,2167,2177,2176,318,2165,34749671328,26813,2176,26813
2.0,1420800,828750000,1062400000,0,10,50,5,0,0,500000,1,0.9,57.9410312175751,678934,668825878,4199731118,4192638127,66460330,2279145289,66997093,664416538,4244487131,20972,66455757677,9986629072,14015,14015,20187,20187,20748,2,2343,109488,108092,0,14208,3854,1387,1397,1396,216,1385,36018205600,15736,1396,15736
4.0,960000,1032750000,665600000,0,10,50,5,3,1,500000,0,-1.0,73.2996726036072,769648,843906667,5418597047,5470701120,81165799,3129110168,80444770,853140509,5471385994,17586,74032328690,13092287326,24547,24547,43015,43015,43655,33,3665,139788,138020,0,39272,6311,1759,1769,1768,462,1757,77487614720,19349,1768,19349
3.0,499200,930750000,1062400000,0,10,50,5,3,1,950000,1,-1.0,54.7248215675354,689070,628870179,4196944929,4064794418,62875116,2273461866,63517973,648956563,4289814420,15513,64473514642,10032408817,13183,13183,22142,22142,22614,43,2793,106143,104819,0,23374,4033,1315,1325,1324,298,1313,38230656928,14136,1324,14136
4.0,1113600,1300500000,1866000000,0,10,50,5,3,0,950000,1,0.5,46.3866422176361,858987,521973156,4760516224,4753715313,56976635,3194486476,56324693,525323103,4768256853,15159,20848287145,12343582009,8544,8544,15639,15639,16065,133,3459,93942,92834,0,27621,3795,1099,1109,1108,244,1097,19628224832,14552,1108,14552
3.0,1420800,828750000,1062400000,0,10,50,5,3,1,500000,1,0.9,60.173967123031595,685692,701352179,4637883115,4637606977,66941499,2579138779,67385837,701955823,4621735459,17817,60008200101,10962197645,14969,14969,25217,25217,25740,10,3481,115205,113749,0,25719,4464,1447,1457,1456,282,1445,43059755456,15638,1456,15638
3.0,345600,726750000,1331200000,0,10,50,5,0,1,500000,0,0.9,61.7522666454315,657320,695734282,4651731575,4651748147,67567497,2669423333,67991927,712570499,4736916014,15207,44177906657,11373211916,11937,11937,22311,22311,22910,4,3190,116643,115151,0,25359,4230,1483,1493,1492,361,1481,36293312640,13501,1492,13501
2.0,1113600,930750000,1062400000,0,10,50,5,3,0,950000,0,-1.0,54.435680866241505,701266,614285849,3937279721,3939938868,64282415,2121125413,65440948,617604880,3985060023,17665,65592030357,9430377904,12613,12613,18306,18306,18798,37,2222,102216,100904,0,10327,3575,1303,1313,1312,194,1301,33038352672,14690,1312,14690
4.0,1881600,1300500000,665600000,0,10,5,5,3,0,500000,0,0.9,63.957969665527294,915527,738796119,4689621286,4627891552,71325051,2592024090,72272497,732209952,4746087318,13254,108888789898,11362544076,17772,17772,32537,32537,33048,0,2702,122577,121037,0,29941,4870,1531,1541,1540,396,1529,58176766496,14051,1540,14051
2.0,652800,930750000,1062400000,0,10,50,5,0,0,950000,1,0.5,56.9937877655029,713644,667680811,4174917595,4111128182,65156057,2195055301,65506430,672099074,4199289157,21914,64198995893,9728047508,15050,15050,21233,21233,21804,0,2627,109224,107840,0,13564,4068,1375,1385,1384,232,1373,38191171456,16655,1384,16655
4.0,345600,726750000,665600000,0,10,5,5,0,0,500000,0,0.5,75.58963894844051,713599,873408746,5496010390,5453495638,81489678,3089130032,80929867,866206613,5505754887,18198,97308855633,13123053500,20207,20207,37698,37698,38355,4,5604,142924,141096,0,40070,6390,1819,1829,1828,486,1817,62669194848,19732,1828,19732
3.0,1267200,828750000,1331200000,0,10,50,5,3,0,500000,0,-1.0,54.8440644741058,678296,670520095,4554385362,4572604847,66877423,2367483376,67110015,675088902,4569039747,16541,87718508628,10321610935,17562,17562,28121,28121,28564,35,3051,105658,104334,0,24219,4205,1315,1325,1324,317,1313,51432028928,16017,1324,16017
3.0,1574400,624750000,1600000000,0,10,50,5,0,1,500000,1,0.5,63.4726622104645,718969,712895225,4770902099,4727143572,67514528,2735495910,68925831,720772140,4858903859,15272,53353948564,11732796212,11631,11631,21187,21187,21696,3,3073,119786,118258,0,22620,4090,1519,1529,1528,311,1517,34566210336,13410,1528,13410
3.0,2035200,1236750000,800000000,0,10,50,5,3,1,950000,1,0.5,57.431387186050394,835951,648689186,4309961239,4163039929,66491641,2323306390,67436969,671512268,4367359300,15584,80348282076,10330589123,13590,13590,23944,23944,24487,3,3064,110319,108935,0,23520,4311,1375,1385,1384,304,1373,39983223008,13665,1384,13665
1.0,499200,828750000,1331200000,0,10,5,5,0,0,950000,0,0.9,125.104902982712,946363,1323407156,6852605182,6902881434,116076622,3875795969,115926244,1317565859,6907291535,54568,37620600857,17176282779,29511,29511,42364,42364,43596,4,0,217231,214215,0,42663,0,3007,3017,3016,22,3005,60296234752,52709,3016,52709
4.0,345600,726750000,665600000,0,10,5,5,0,0,500000,0,0.5,74.5965049266815,694232,785360756,5974854639,5956046781,73209810,4025829610,73592135,791579682,5957994708,17632,47490705225,15664225921,10523,10523,22901,22901,23510,5,6079,144585,142781,0,34698,5311,1795,1805,1804,455,1793,31065642400,16652,1804,16652
2.0,499200,828750000,1062400000,0,10,50,5,3,0,950000,1,-1.0,61.9858875274658,697523,720851142,4432128475,4542167370,71300533,2521290799,70304010,702879329,4404201435,24336,59449761215,10274455659,17189,17189,23489,23489,24080,0,2840,117385,115881,0,16360,4262,1495,1505,1504,264,1493,43141381792,18885,1504,18885
3.0,1267200,624750000,1331200000,0,10,50,5,0,0,950000,0,0.9,66.0570805072784,678741,756846720,4998791502,4933634803,70905988,2823688621,70548048,771188383,5035427770,17880,47924057211,12042008612,13399,13399,24438,24438,25037,5,3943,124168,122568,0,26575,4667,1591,1601,1600,331,1589,39145057952,16313,1600,16313
2.0,2035200,1134750000,665600000,0,10,5,5,3,0,500000,1,0.9,67.8715100288391,851580,796661782,4907086715,4913241013,79742925,2658616441,78924781,795927757,4906866973,31137,117881044036,11524757306,23702,23702,31979,31979,32769,34,2709,126006,124370,0,16654,5130,1627,1637,1636,305,1625,58746592384,24973,1636,24973
3.0,499200,1236750000,1062400000,0,10,50,5,0,1,500000,1,0.5,49.2347142696381,782314,572053992,3794261207,3887072243,59671982,2212920171,59148777,561186149,3795985571,13219,60331303914,9013527391,11637,11637,19230,19230,19668,2,2575,96254,95062,0,20278,3602,1183,1193,1192,247,1181,32675614912,12046,1192,12046
3.0,499200,1236750000,1062400000,0,10,5,5,0,1,500000,1,0.5,52.883240461349494,794756,550785004,4416176313,4354134862,56251191,2908181590,56140231,549144082,4425997083,13856,28772761916,11354181617,6819,6819,12630,12630,13093,89,3725,103181,101911,0,20512,3884,1261,1271,1270,201,1259,16230566432,11588,1270,11588
3.0,1420800,1032750000,1600000000,0,10,50,5,0,0,950000,1,0.5,48.825061321258495,719920,512589075,4294040241,4231007920,53644254,2805187664,53182320,517122046,4224469577,13550,23596512757,10903480031,6061,6061,10750,10750,11140,116,3238,96901,95721,0,17233,3313,1171,1181,1180,195,1169,13264272000,11294,1180,11294
3.0,1728000,624750000,1866000000,0,10,5,5,3,0,950000,1,0.9,60.3424367904663,784034,689906737,4489564831,4460184836,65140423,2465370010,65935014,696575265,4566880671,15155,53696304884,10694755230,10956,10956,20066,20066,20580,42,2979,113901,112445,0,20452,3966,1447,1457,1456,286,1445,32143547648,13304,1456,13304
3.0,1113600,624750000,665600000,0,10,50,5,3,0,950000,1,-1.0,82.7276198863983,712079,955237660,6088196808,6132829283,89168925,3511765901,89089680,958561743,6079184371,26154,88161729384,14459035459,27054,27054,44040,44040,44812,6,4304,153195,151199,0,38544,6847,1987,1997,1996,439,1985,80514474528,24485,1996,24485
3.0,1574400,828750000,1866000000,0,10,50,5,0,0,950000,1,-1.0,50.92098331451421,746523,591001541,3855550060,3826177044,60003740,2087226205,61070046,580051599,3848268813,13312,46020912624,9122356060,9474,9474,16837,16837,17271,4,2459,97542,96314,0,17942,3400,1219,1229,1228,245,1217,27433375424,11446,1228,11446
1.0,960000,1300500000,1600000000,0,10,5,5,0,0,950000,0,0.5,68.63340115547179,964048,716603491,3951283850,3938299498,70142435,2158328345,70691261,727326191,3940001515,25279,22618265333,9621795177,12344,12344,17559,17559,18117,3,0,122689,121029,0,19502,1,1651,1661,1660,2,1649,25048840288,24389,1660,24389
4.0,1881600,1300500000,665600000,0,10,5,5,3,0,500000,0,0.9,64.26748514175421,917946,734791707,4785124821,4742281488,71542922,2653187593,71497685,767501191,4817138832,14359,109640659521,11320112117,18433,18433,33340,33340,33857,34,2756,123306,121754,0,29912,4981,1543,1553,1552,375,1541,58828020704,15291,1552,15291
1.0,2035200,624750000,1600000000,0,10,50,5,0,0,950000,1,0.9,66.5429615974426,764118,760833027,4452633573,4423413620,73402313,2262282668,73757745,758645035,4414597025,31211,64904055637,10170086634,16964,16964,22649,22649,23265,1,0,123963,122351,0,20831,0,1603,1613,1612,8,1601,33391238528,26004,1612,26004
1.0,1728000,726750000,1062400000,0,10,50,5,0,0,500000,1,0.9,83.9212832450867,616360,805586229,5117199744,5071538773,84052266,2537444363,84435882,802678206,5111423783,55662,83953214481,11350637626,30719,30719,34095,34095,34918,3,0,144332,142786,0,35232,0,1537,1547,1546,18,1535,49676464704,44479,1546,44479
3.0,1113600,624750000,665600000,0,10,5,5,3,0,950000,1,-1.0,84.4102928638458,711166,909601935,7122712871,7095648753,82769832,4826123208,82131180,902910296,7085614783,27527,42061497868,18650926070,15888,15888,28185,28185,29089,114,5676,157043,155023,0,39267,6589,2011,2021,2020,441,2009,39527663264,24504,2020,24504
1.0,2035200,624750000,1600000000,0,10,5,5,0,0,950000,1,0.9,69.06756281852721,780411,793222484,4602378312,4609448490,74919104,2348921079,74207318,791894464,4579462815,32455,67412597339,10513585237,18214,18214,24176,24176,24859,79,0,127022,125362,0,21865,4,1651,1661,1660,5,1649,34609971968,27325,1660,27325
2.0,1881600,726750000,1062400000,0,10,5,5,3,0,500000,1,0.5,63.4262742996216,685849,741113310,4567540210,4558195468,69662592,2432849817,70403513,719282345,4545293399,22828,71645325367,10569862339,15094,15094,21860,21860,22432,3,2585,117936,116408,0,13342,4166,1519,1529,1528,212,1517,38673086368,17535,1528,17535
4.0,960000,1032750000,1331200000,0,10,5,5,3,0,950000,1,0.9,53.9773139953613,712345,620606391,4786898931,4786344854,62362524,2931313778,62690729,628109584,4802301272,14135,28852755637,11732568435,10639,10639,20378,20378,20824,42,3269,107833,106521,0,29588,4112,1303,1313,1312,285,1301,30631888544,14234,1312,14234
4.0,345600,726750000,665600000,0,10,5,5,0,0,500000,0,0.5,88.68515872955321,765089,968957257,8239390328,8251382775,93093040,5772537259,92384812,969653556,8243368952,24859,56110409274,21751315071,15102,15102,29654,29654,30514,84,7534,168788,166648,0,47066,7017,2131,2141,2140,543,2129,37252784032,23772,2140,23772
4.0,1881600,1300500000,665600000,0,10,50,5,3,0,500000,0,0.9,63.97542548179629,913307,734227049,4669519437,4643966715,70780245,2573951098,71246411,731958717,4699123992,13406,109855028074,10956276441,18373,18373,32880,32880,33408,0,2698,122230,120690,0,30182,4866,1531,1541,1540,395,1529,58634800800,14503,1540,14503
2.0,1113600,1236750000,665600000,0,10,5,5,0,1,950000,1,-1.0,75.0879642963409,868191,891410359,5309530048,5304977432,84852873,2839056370,85684985,887500637,5337494119,36050,79099560704,12415473140,28583,28583,36822,36822,37604,3,3978,140745,138929,0,19318,5970,1807,1817,1816,356,1805,71964759136,28311,1816,28311
3.0,1574400,624750000,1600000000,0,10,50,5,0,1,500000,1,0.5,63.7682855129242,721419,716033221,4825077770,4747952599,68405563,2700323526,69416098,736062431,4895994910,16122,53365978102,11699200765,12217,12217,21545,21545,22061,4,3181,120437,118897,0,22320,4353,1531,1541,1540,283,1530,34926927552,14796,1540,14796
3.0,1728000,930750000,1331200000,0,10,50,5,0,1,950000,0,0.9,50.7800507545471,681703,612705151,4366719777,4360930101,63013494,2329414461,62329424,620649328,4372232378,13870,80012779186,9855520196,15560,15560,25610,25610,26070,1,2562,98664,97436,0,22370,3728,1219,1229,1228,290,1217,47062628896,13038,1228,13038
3.0,1574400,828750000,1331200000,0,10,50,5,0,1,500000,0,-1.0,54.87224817276,654138,624022352,4227668655,4259973272,66183604,2380534468,65267745,634320253,4312057629,13649,52118748805,10337999654,11457,11457,20680,20680,21165,12,2992,104962,103638,0,21240,3888,1315,1325,1324,271,1313,34347823136,12499,1324,12499
2.0,2035200,1134750000,665600000,0,10,50,5,3,0,500000,1,0.9,88.05251240730291,975292,946373800,6087230412,6087075435,86988655,3693444377,87985937,944902271,5997325415,37967,62243342818,15094575701,18700,18700,22690,22690,23666,77,3867,160696,158586,0,19559,5349,2101,2111,2110,299,2099,32310741824,25698,2110,25698
2.0,1881600,930750000,1866000000,0,10,50,5,3,1,500000,0,0.9,47.7263736724854,762642,564302018,3627607466,3685261501,57087100,1966528510,56485816,544299675,3559948342,14971,46590627222,8276851862,9910,9910,14442,14442,14846,37,1758,91011,89855,0,10024,2727,1147,1157,1156,136,1145,25473552256,12163,1156,12163
2.0,1881600,726750000,1062400000,0,10,5,5,3,0,500000,1,0.5,66.07732987403871,704972,772495254,5016666507,4982609025,76427523,2696521762,76208344,773600542,5000243277,26603,76396986604,11728244581,17700,17700,24383,24383,25104,114,2927,123474,121898,0,17486,4382,1567,1577,1576,243,1565,41210579072,20192,1576,20192
3.0,1267200,828750000,1331200000,0,10,5,5,3,0,500000,0,-1.0,56.5242729187012,674404,613503562,4897872085,4868761728,59461037,3081281913,59780479,598485810,4839780429,15392,28106788391,12500902103,6893,6893,13571,13571,14049,75,4284,109418,108046,0,21638,3888,1363,1373,1372,241,1361,17121012320,12930,1372,12930
3.0,1574400,828750000,1331200000,0,10,5,5,0,1,500000,0,-1.0,54.4402496814728,648788,618074722,4081159621,4139943469,63136938,2389747006,63290735,616157435,4086664185,13750,51066193516,9769570282,11498,11498,19964,19964,20422,3,2881,104168,102856,0,19789,3956,1303,1313,1312,272,1301,33567138848,12886,1312,12886
3.0,1728000,1032750000,1600000000,0,10,50,5,0,1,950000,0,0.9,45.337327241897604,728828,519290362,3589466559,3557515576,55022890,1985062526,54036763,512009093,3496699135,9542,47800681962,8219744006,8184,8184,14677,14677,15036,4,2151,87790,86694,0,14761,2903,1087,1097,1096,218,1085,24456721984,8807,1096,8807
3.0,499200,828750000,1331200000,0,10,5,5,0,0,950000,0,-1.0,63.9987807273865,676284,711983847,5549304637,5517203298,68796326,3668640525,67879053,717467171,5501242326,26117,24810178996,14229122462,11639,11639,22740,22740,23394,4,5057,121852,120300,0,40958,4465,1543,1553,1552,302,1541,32492478080,23080,1552,23080
3.0,1728000,930750000,1331200000,0,10,50,5,0,1,950000,0,0.9,50.30581712722779,663557,576462537,3926904522,3926641612,59281022,2204150120,59638972,574808361,3950013161,12364,51941685887,9433405442,10792,10792,18552,18552,18993,0,2600,97247,96031,0,18845,3389,1207,1217,1216,252,1205,30845384512,11335,1216,11335
2.0,1881600,1300500000,1331200000,0,10,5,5,3,1,950000,0,0.9,44.9587426185608,797499,523873986,3407112743,3389458210,55599712,1809297557,54347706,517426547,3319700748,13641,47306817636,7629847698,10042,10042,14841,14841,15269,0,1651,85794,84710,0,9473,2568,1075,1085,1084,146,1073,25896764992,11015,1084,11015
4.0,806400,624750000,665600000,0,10,50,5,0,1,500000,0,0.9,87.17473244667049,725886,931975494,7834339177,7856854463,87828214,5612410939,87230895,947583525,7827370460,24815,40686034939,20737694482,17593,17593,35768,35768,36674,4,5560,167129,165025,0,52017,7072,2095,2105,2104,598,2093,51825184192,23769,2104,23769
3.0,1728000,1300500000,800000000,0,10,5,5,0,1,500000,1,0.9,58.350884199142506,874591,662079007,4327230507,4316958586,67353360,2440258554,67381028,675083738,4367966549,16367,74523147493,10334882070,14596,14596,25198,25198,25711,6,3179,112140,110732,0,24395,4285,1399,1409,1408,273,1397,43720821024,14420,1408,14420
4.0,1574400,624750000,1600000000,0,10,5,5,3,0,500000,1,-1.0,63.2143540382385,714988,726254337,4748536287,4701496166,67718493,2624219024,64543480,712140889,4634196622,12701,51949369503,11039783258,11090,11090,22291,22291,22811,4,2564,120953,119425,0,23937,4072,1519,1529,1528,423,1517,34351357088,12856,1528,12856
2.0,1420800,624750000,1600000000,0,10,50,5,0,1,950000,0,0.5,65.74875640869139,706888,674390660,4600848430,4638255717,64757123,2938592545,64764489,671259394,4643597982,19656,25156949115,11992993747,8730,8730,13989,13989,14596,127,3595,119291,117727,0,14179,3772,1555,1565,1564,181,1554,19156346560,15652,1564,15652
3.0,1881600,1134750000,1866000000,0,10,50,5,0,0,950000,0,-1.0,42.6064183712006,796430,491814824,3475808890,3537370044,56089900,1990899586,56073733,496180148,3533511346,9877,42231516096,8600932482,8180,8180,14348,14348,14729,6,2100,83769,82733,0,15075,2652,1027,1037,1036,181,1025,23054844832,8828,1036,8828
1.0,960000,1236750000,1062400000,0,10,50,5,3,1,950000,0,-1.0,69.50830984115599,863374,791190550,4738340025,4797671142,79044453,2453779457,77654516,784324387,4737747725,33799,82981224508,10840358848,21826,21826,29378,29378,30059,10,0,126367,124737,0,24561,0,1621,1631,1630,12,1619,42650644832,31608,1630,31608
4.0,806400,624750000,665600000,0,10,5,5,0,1,500000,0,0.9,99.5241212844849,768465,1093985760,9278782608,9207853181,106431116,6349927189,106439875,1096325103,9288990564,31007,47654336227,24609987007,22632,22632,43090,43090,44304,104,6562,186766,184440,0,62443,8440,2317,2327,2326,672,2315,60124692768,28829,2326,28829
1.0,1420800,1300500000,1062400000,0,10,50,5,3,0,950000,0,0.9,70.6924593448639,891830,787943616,4867722430,4841372845,79160488,2447676264,78295806,791544009,4833363449,36580,83170445246,10959399961,22636,22636,28613,28613,29296,35,0,127020,125396,0,25531,2,1615,1625,1624,10,1613,42904032160,33301,1624,33301
2.0,960000,1032750000,1331200000,0,10,50,5,3,1,500000,1,0.5,56.9804656505585,710204,643768447,4039104601,4049367149,63598964,2174434447,63896485,649209519,4058449126,21108,26356560595,9486676959,11539,11539,17246,17246,17733,0,3306,109009,107637,0,14983,3834,1363,1373,1372,236,1361,29038028960,15700,1372,15700
3.0,1881600,1134750000,1866000000,0,10,50,5,0,0,950000,0,-1.0,42.2050747871399,788314,491592492,3438619767,3431982291,52826805,1935324931,53154721,485708778,3441035925,10265,41576476308,8082491101,8010,8010,14204,14204,14559,3,2129,82839,81815,0,14147,2824,1015,1025,1024,223,1013,22839539872,9502,1024,9502
3.0,1728000,1300500000,1062400000,0,10,50,5,3,1,950000,1,0.9,52.4811019897461,845652,534285070,4196090291,4242315984,55417934,2882576625,55175736,545503368,4310595416,13506,29767311476,11145110759,5999,5999,11759,11759,12141,31,3299,102157,100893,0,18372,3370,1255,1265,1264,198,1253,15632942240,11033,1264,11033
2.0,1574400,1236750000,665600000,0,10,5,5,0,0,500000,1,0.5,68.6474394798279,893837,723656382,4807724340,4784837364,69757814,3089915828,69930569,723193554,4814609410,23678,41543019262,12262529225,11849,11849,17787,17787,18469,78,3942,128739,127079,0,13811,4735,1651,1661,1660,245,1649,25238298816,18124,1660,18124
1.0,1728000,726750000,1062400000,0,10,50,5,0,0,500000,1,0.9,80.9808340072632,571127,736346114,4799137341,4836495343,80695639,2402864314,80201545,730293395,4817394514,54653,82305873718,10767127697,30149,30149,33032,33032,33842,0,0,140421,139007,0,34201,0,1405,1415,1414,18,1403,48643682272,42789,1414,42789
2.0,499200,1032750000,800000000,0,10,50,5,3,0,500000,0,0.5,60.5317602157593,766514,682336031,4328179319,4386811282,71020706,2390563121,70934329,696614181,4423371120,20538,80007115396,10483729402,15115,15115,22812,22812,23401,34,2478,112871,111403,0,12328,4425,1459,1469,1468,217,1457,40446225600,16933,1468,16933
2.0,960000,1134750000,1866000000,0,10,5,5,0,0,500000,1,-1.0,43.1472020149231,776269,497159691,3220631334,3251513365,55011752,1751903537,55736586,510841317,3277210164,15616,38329107022,7557684452,9365,9365,13507,13507,13933,4,1915,85587,84539,0,9256,2860,1039,1049,1048,160,1037,23123741568,11802,1048,11802
2.0,345600,624750000,1331200000,0,10,5,5,3,1,950000,0,0.5,70.7440674304962,708984,845527949,5446901839,5472207922,78528658,2888710701,78461085,839493399,5485638682,24589,69111855878,12445301656,20449,20449,29510,29510,30258,0,3165,128898,127190,0,12946,5228,1699,1709,1708,303,1697,55758441632,20481,1708,20481
3.0,652800,1300500000,1866000000,0,10,50,5,0,0,950000,0,0.5,53.8759286403656,919021,632353230,4488964936,4494950749,64237659,2613275407,63900462,627463001,4475050330,21502,22295309243,10746176285,12142,12142,22065,22065,22645,0,3555,104019,102719,0,36421,3915,1291,1301,1300,269,1289,35671734240,18680,1300,18680
4.0,1113600,1300500000,1866000000,0,10,5,5,3,0,950000,1,0.5,43.7542538642883,835887,469532835,4227931307,4222621639,51373248,2930384842,51925615,472202729,4213831168,12511,18329031697,10954686141,6249,6249,13006,13006,13351,4,3000,88716,87656,0,23224,3187,1051,1061,1060,214,1049,17218393760,12129,1060,12129
3.0,652800,1236750000,1866000000,0,10,5,5,0,0,950000,1,0.9,39.627996206283605,807318,455014560,3198706128,3110942124,50672646,1655423327,50628319,474751159,3233534909,10197,39893651485,7551418631,7661,7661,13107,13107,13442,0,2121,79945,78981,0,15633,2639,955,965,964,197,953,21874768960,8803,964,8803
3.0,499200,1134750000,1331200000,0,10,5,5,3,1,500000,1,-1.0,47.9142775535584,719564,561591703,3683129712,3778877785,57318314,2095809261,56981722,538458998,3637812565,13018,45937719371,8639332494,10510,10510,17881,17881,18298,9,2469,94006,92850,0,19131,3452,1147,1157,1156,211,1145,30124552864,11382,1156,11382
3.0,1881600,1236750000,1062400000,0,10,50,5,0,0,500000,1,0.5,49.162943840026905,787411,574807260,3903787947,3827133209,58951660,2152166981,59230237,574646271,3882932893,13625,59696740425,9187657010,11554,11554,19675,19675,20106,2,2577,96301,95109,0,20721,3353,1183,1193,1192,261,1181,32102181952,12061,1192,12061
3.0,1728000,1134750000,800000000,0,10,50,5,0,1,950000,1,-1.0,62.8557121753693,796896,670155437,5253631982,5291177131,64255283,3522275717,64379946,655175744,5251116660,17332,36105624248,13840960439,9025,9025,16993,16993,17559,101,4022,120419,118903,0,22320,4455,1507,1517,1516,273,1505,22079843392,14345,1516,14345
2.0,345600,624750000,665600000,0,10,50,5,0,0,500000,0,-1.0,84.07604408264159,728018,871847539,5727789956,5669533923,78418947,3611877298,78652071,876420953,5663051656,24729,46234508802,14441557478,12561,12561,21140,21140,21991,32,4406,150791,148759,0,18956,5092,2023,2033,2032,348,2021,31359427008,19537,2032,19537
1.0,960000,1032750000,1600000000,0,10,50,5,0,0,500000,1,-1.0,58.051804780960104,674077,582290586,3773308901,3775963540,65164113,1892344090,65903266,574746357,3777551203,35020,56653664810,8567457049,20073,20073,19633,19633,20113,4,0,105429,104279,0,20451,1,1141,1151,1150,7,1139,28779949792,27744,1150,27744
2.0,1881600,1032750000,1600000000,0,10,50,5,3,0,500000,0,0.9,47.352258682251,715223,508825116,3550826276,3559623393,53256318,2134295181,53525502,500300682,3538230500,12135,22540559128,8887401989,5832,5832,9197,9197,9619,98,2107,90142,88998,0,10215,2348,1135,1145,1144,99,1133,12191997984,9420,1144,9420
1.0,1574400,726750000,665600000,0,10,50,5,0,1,500000,0,0.5,131.100093841553,676782,1132212072,7087804389,7107802301,113562684,3568501383,113609076,1140480307,7063081492,74072,129077425161,16016099010,50544,50544,56535,56535,57751,0,0,186678,184460,0,49018,8,2209,2219,2218,19,2207,83858010400,67020,2218,67020
3.0,1728000,1032750000,1600000000,0,10,50,5,0,1,950000,0,0.9,45.2039921283722,726523,506948108,3512167739,3503993492,56212613,1984531747,55931355,510101717,3511572131,10525,48559416503,8330158917,8471,8471,15235,15235,15616,3,2173,87855,86759,0,15065,2953,1087,1097,1096,229,1085,24734195072,9784,1096,9784
2.0,1881600,1300500000,1331200000,0,10,50,5,3,1,950000,0,0.9,46.6658778190613,809308,496669542,3299207858,3371098651,52986319,2006362790,52841085,490926747,3316308486,13859,22542302598,8224572322,6468,6468,9749,9749,10135,113,2078,88696,87576,0,9030,2655,1111,1121,1120,107,1109,13235881440,11027,1120,11027
2.0,1420800,726750000,1331200000,0,10,5,5,3,1,500000,0,0.5,59.123984336853,675263,659169996,4238243985,4166157479,67643843,2305519152,68317235,673188913,4248062611,18631,62573925704,10054961563,13432,13432,19855,19855,20456,0,2709,109555,108123,0,11152,3747,1423,1433,1432,219,1421,33345735360,15493,1432,15493
2.0,1420800,726750000,1331200000,0,10,5,5,3,1,500000,0,0.5,61.89269351959229,676012,629927640,4394758195,4368097120,62320101,2733966422,63345146,639276390,4421707681,17881,28422849539,11282209642,7925,7925,12597,12597,13170,166,3326,113197,111723,0,13531,3443,1465,1475,1474,170,1463,16177628128,14034,1474,14034
3.0,1728000,1300500000,800000000,0,10,50,5,0,1,500000,1,0.9,60.525006294250495,893114,705857839,4526294487,4526932084,69226096,2476166197,69069255,700004358,4492173835,18245,76953361491,10616112686,15822,15822,26982,26982,27623,94,3386,116750,115294,0,27131,4707,1447,1457,1456,324,1445,45213792864,16128,1456,16128
2.0,1881600,930750000,1866000000,0,10,5,5,3,1,500000,0,0.9,50.2614552974701,777948,521833849,3546620643,3602882623,54341289,2253857340,54230530,503776101,3572311806,13067,21671248147,9017622696,5864,5864,9222,9222,9619,61,2207,95378,94162,0,9890,2664,1207,1217,1216,121,1205,12690933408,9915,1216,9915
2.0,1574400,828750000,1062400000,0,10,50,5,0,1,500000,1,-1.0,58.5284457206726,687700,681461818,4289686544,4349629874,69495643,2400897873,68233301,661158998,4171829486,23208,68112633395,9817228980,15206,15206,21194,21194,21844,4,2840,111288,109868,0,16072,3718,1411,1421,1420,253,1409,36583849792,18048,1420,18048
3.0,1728000,1300500000,1062400000,0,10,5,5,3,1,950000,1,0.9,51.7682251930237,856671,560488940,4698039798,4753933474,63134119,3092186839,63294498,571195199,4716459273,14658,32362368917,12186143804,7667,7667,13385,13385,13861,97,3497,101621,100375,0,19618,3406,1237,1247,1246,194,1235,16702787616,12165,1246,12165
4.0,806400,624750000,665600000,0,10,5,5,0,1,500000,0,0.9,86.79815363883971,725003,932224043,7881422249,7802981343,85921407,5536957168,86448503,949423180,7879518279,25125,40482322945,20926228432,17859,17859,35182,35182,36034,4,5668,165772,163680,0,52314,7284,2083,2093,2092,595,2081,51237463872,24491,2092,24491
1.0,960000,1032750000,1600000000,0,10,5,5,0,0,500000,1,-1.0,74.0933694839478,577782,591374994,4070387341,4140399945,70931800,2082981401,71371047,586492608,4090701623,52417,58245436934,9159411271,30308,30308,22678,22678,23270,3,0,120103,119019,0,31878,9,1075,1085,1084,45,1073,29441577344,41035,1084,41035
2.0,2035200,828750000,1866000000,0,10,50,5,3,0,500000,0,0.5,53.432059764862096,779473,563596670,3944894558,3976156169,55843768,2353126564,56703000,560716541,3981242745,14446,24137322291,10145855723,6445,6445,9828,9828,10261,101,2285,99942,98660,0,11054,2714,1273,1283,1282,105,1271,12942097216,11105,1282,11105
3.0,1420800,828750000,1062400000,0,10,5,5,3,1,500000,1,0.9,61.5680494308472,685739,649295948,5215424549,5273770559,64228886,3553872262,63444535,653656960,5286651263,19351,29866977869,13782858128,9016,9016,17078,17078,17627,88,4304,118467,116981,0,22814,4451,1477,1487,1486,284,1475,22081604992,16348,1486,16348
2.0,1113600,930750000,1062400000,0,10,50,5,3,0,950000,0,-1.0,56.288518905639705,701508,590609635,4007257618,3984875608,58982762,2416351324,59076716,587651530,4065603908,15159,30053255013,10355080328,7213,7213,11718,11718,12227,90,2702,104809,103461,0,12722,3068,1339,1349,1348,149,1337,16101203168,11720,1348,11720
4.0,1113600,1300500000,1866000000,0,10,50,5,3,0,950000,1,0.5,43.2106215953827,835951,497357671,3912814930,3903568023,52464655,2422077492,50774607,492584440,3884614999,10353,21996203855,9596012990,7159,7159,14429,14429,14805,0,2563,87976,86928,0,21799,3161,1039,1049,1048,225,1037,20670363776,10196,1048,10196
2.0,1728000,1134750000,1062400000,0,10,50,5,0,0,950000,1,-1.0,51.8489353656769,742317,593226955,3773718479,3737271856,61748095,1956405513,62299246,610104892,3843638931,19785,60874811982,8981496521,12704,12704,18591,18591,19138,0,2613,100111,98859,0,14934,3196,1243,1253,1252,255,1241,32801850784,14494,1252,14494
2.0,652800,930750000,1062400000,0,10,5,5,0,0,950000,1,0.5,57.166772127151496,710192,663596408,4057566096,4167965226,67271149,2252111525,66165218,644500112,4063679062,21530,62574592354,9558240542,14774,14774,20981,20981,21526,4,2475,108467,107083,0,10236,4175,1375,1385,1384,222,1374,37329452416,16846,1384,16846
4.0,806400,930750000,1331200000,0,10,50,5,3,0,950000,1,0.5,61.503227949142506,714721,689300598,5928820484,5926067302,69891440,4061944599,69386890,695733668,5929314783,21434,26183263897,15563383055,12804,12804,24188,24188,24845,86,5143,122513,121027,0,44220,5207,1477,1487,1486,367,1475,33284762528,20919,1486,20919
3.0,1881600,1236750000,1062400000,0,10,5,5,0,0,500000,1,0.5,49.636396884918206,787327,574115979,3860453376,3938626201,61103123,2230145588,61030054,571332224,3840174922,14428,59975501941,9188383143,11233,11233,19095,19095,19531,4,2627,97774,96570,0,20536,3621,1195,1205,1204,245,1193,32347012928,12653,1204,12653
3.0,1267200,828750000,1331200000,0,10,50,5,3,0,500000,0,-1.0,54.703665971756,669454,613386088,4008029666,4125554918,63668681,2338710687,63475067,618020408,4097652852,13254,56433433187,9721869665,11155,11155,20041,20041,20495,3,3119,105389,104065,0,20364,3887,1315,1325,1324,266,1313,33597456544,11951,1324,11951
3.0,1728000,1236750000,800000000,0,10,50,5,3,0,950000,0,0.9,58.1137347221375,843271,672313916,4392336566,4341882666,67161846,2376361975,67115228,681627106,4376565362,16587,79064905327,10331031719,14487,14487,25304,25304,25848,34,3101,111848,110440,0,22174,4662,1399,1409,1408,322,1397,42708788704,15273,1408,15273
1.0,1420800,828750000,1866000000,0,10,50,5,3,0,500000,1,0.9,62.72207689285279,809848,704239164,4172070355,4209440799,72025972,2196452949,70782179,697016488,4144945255,32201,38195898522,9568104648,14606,14606,18939,18939,19327,41,0,119384,117868,0,19708,12,1507,1517,1516,8,1505,28273908704,24397,1516,24397
2.0,1574400,1300500000,1600000000,0,10,5,5,0,1,500000,0,-1.0,43.3979551792145,843095,472497176,3479336066,3419022429,56457154,2000128602,56129349,473142672,3475022024,12688,22019079300,8567646992,5638,5638,8473,8473,8866,52,2222,84178,83142,0,10256,2204,1027,1037,1036,100,1026,11768536928,9573,1036,9573
2.0,2035200,930750000,1866000000,0,10,50,5,0,1,500000,0,0.5,48.680910110473604,781470,528203497,3873895221,3858331965,54745100,2320947971,55040815,526978324,3862427088,13038,22317636298,9664379730,6272,6272,9382,9382,9792,87,2038,92582,91402,0,9593,2489,1171,1181,1180,105,1169,12187559648,10068,1180,10068
3.0,652800,1236750000,800000000,0,10,50,5,3,1,500000,0,-1.0,58.019702434539795,845538,675587518,4422769311,4408857939,66033554,2466339598,66259549,673566178,4447877222,15350,76997037543,10516076256,14069,14069,24639,24639,25176,4,3077,110950,109542,0,24780,4391,1399,1409,1408,333,1397,41666439616,14252,1408,14252
2.0,1574400,1236750000,665600000,0,10,50,5,0,0,500000,1,0.5,67.8576576709747,881402,754552538,4758476360,4744473633,76521692,2623987642,77613737,771769679,4846636568,27522,87434012443,11377001734,19707,19707,28730,28730,29452,6,3417,126514,124878,0,18224,4767,1627,1637,1636,316,1625,51114506112,20931,1636,20931
3.0,1267200,1300500000,800000000,0,10,50,5,0,1,950000,0,-1.0,61.601011276245096,876324,728403366,4869579394,4862244520,69962658,2747647390,70591475,724639308,4838794882,19103,68247769672,11512493631,18501,18501,30999,30999,31563,5,3777,117306,115814,0,28347,4871,1483,1493,1492,295,1481,54780475936,17702,1492,17702
2.0,499200,1032750000,800000000,0,10,50,5,3,0,500000,0,0.5,60.99084115028379,770149,699236883,4417206633,4398060991,68974743,2384932114,69773561,703220048,4432116095,20427,80201664237,10440717692,15454,15454,22571,22571,23246,0,2600,113870,112390,0,14355,4091,1471,1481,1480,238,1469,40411382592,16755,1480,16755
2.0,1113600,1236750000,665600000,0,10,50,5,0,1,950000,1,-1.0,77.19172763824459,880223,816930455,5054237266,5031967033,77272541,3081620407,77364500,823713160,5040107893,31109,36758004843,12826491557,16608,16608,22642,22642,23473,83,4698,144402,142544,0,22573,4876,1849,1859,1858,302,1847,34914626784,22978,1858,22978
3.0,1881600,1134750000,1866000000,0,10,50,5,0,0,950000,0,-1.0,45.2567744255066,805753,519811024,4507505722,4474933623,61076055,2805891840,61336566,517831839,4482726963,12939,24037011712,11632693527,5833,5833,10639,10639,11022,123,2833,89230,88152,0,16017,2935,1069,1079,1078,156,1067,13539133088,10419,1078,10419
1.0,1420800,828750000,1866000000,0,10,50,5,3,0,500000,1,0.9,60.9085896015167,779578,607385710,3329475840,3370772210,61521934,1870898467,60707684,597156489,3344642109,23164,19860706062,8178310267,10033,10033,11289,11289,11886,149,0,114478,113070,0,14225,0,1399,1409,1408,7,1397,14770674880,17613,1408,17613
2.0,2035200,930750000,1866000000,0,10,50,5,0,1,500000,0,0.5,46.900354862213106,767631,552047786,3605937722,3609121464,57644270,1924045113,58010295,533998403,3537583295,14551,53312820313,8220839588,10119,10119,15409,15409,15844,3,1713,89445,88313,0,11216,2585,1123,1133,1132,169,1121,26757487616,11985,1132,11985
2.0,1267200,1300500000,665600000,0,10,5,5,0,0,500000,0,0.9,65.8918116092682,961934,763062879,4762845146,4820794782,76935005,2703613201,76582881,754460319,4809166356,25437,115262048766,11431560562,21571,21571,30646,30646,31352,0,2727,121994,120406,0,15327,5237,1579,1589,1588,271,1577,57389522592,21279,1588,21279
3.0,652800,1300500000,1866000000,0,10,50,5,0,0,950000,0,0.5,56.893926143646205,942682,640184486,4650970632,4672433744,65294772,2934402164,64565744,634337026,4644425347,24448,20523317287,11733205350,12599,12599,22094,22094,22698,86,3926,109383,108017,0,37427,4320,1357,1367,1366,294,1356,33295962208,21629,1366,21629
2.0,1420800,726750000,1331200000,0,10,5,5,3,1,500000,0,0.5,59.405955791473396,671746,683067503,4242686686,4107316563,66789420,2207678733,68340036,695393525,4317464748,18534,62552151247,10055674128,12899,12899,19458,19458,20017,5,2625,109660,108228,0,9822,3783,1423,1433,1432,194,1421,33701649952,15477,1432,15477
3.0,1113600,624750000,665600000,0,10,50,5,3,0,950000,1,-1.0,82.92479872703551,711746,957702945,6104764168,6161731683,88032950,3571125935,87434020,951260459,6164032292,25382,88174910437,14793041123,26630,26630,44452,44452,45231,2,4395,153213,151217,0,39230,6822,1987,1997,1996,497,1985,80351910016,23265,1996,23265
3.0,1420800,1032750000,1600000000,0,10,5,5,0,0,950000,1,0.5,44.7814087867737,697132,531998256,3636446387,3579539780,53508289,1964327118,53456452,521952633,3537394352,11647,44290908415,8233705731,8401,8401,14727,14727,15061,3,2223,87409,86325,0,16024,2843,1075,1085,1084,182,1073,24424035680,10095,1084,10095
2.0,2035200,1236750000,1062400000,0,10,50,5,3,1,500000,1,0.9,49.57882499694821,792807,580016989,3670762348,3698803855,60577337,1952908368,60181141,571801159,3623446343,18608,60641468647,8363223427,12341,12341,17462,17462,17956,0,2074,96610,95406,0,10574,3377,1195,1205,1204,203,1193,30461970976,13842,1204,13842
3.0,1267200,1134750000,1866000000,0,10,50,5,3,1,950000,0,-1.0,42.798574924469,782000,511489064,3412706264,3428242981,52444420,1884915250,52483601,485229397,3318146252,9981,39943313078,7773216724,8334,8334,14528,14528,14881,0,2265,84690,83654,0,14674,2903,1027,1037,1036,191,1025,24004422016,9055,1036,9055
2.0,1420800,1032750000,665600000,0,10,50,5,3,0,950000,0,-1.0,72.7484023571014,808359,758232121,5044514028,5010808732,72349888,3115706856,72988980,751231688,5094186269,23168,49011484649,13075765827,12385,12385,18922,18922,19713,102,3582,132521,130777,0,17076,4629,1735,1745,1744,289,1733,27032985952,18209,1744,18209
3.0,1420800,930750000,1331200000,0,10,50,5,3,0,500000,1,0.5,51.9056372642517,658928,585816672,4105443336,4039742145,61697569,2286357772,63197569,624574544,4211630382,15413,45179252304,9954931219,11181,11181,19672,19672,20111,4,3130,100937,99685,0,21561,3750,1243,1253,1252,240,1241,32583182208,13457,1252,13457
2.0,960000,1300500000,665600000,0,10,50,5,3,1,500000,1,-1.0,69.9543838500977,889847,743126400,4816646530,4781583613,70856868,2962233320,70290900,735633689,4806032340,24736,37062122712,12315004749,12439,12439,18764,18764,19457,70,3918,131187,129503,0,15048,4931,1675,1685,1684,257,1673,27860717312,18554,1684,18554
3.0,1267200,828750000,1600000000,0,10,50,5,0,1,950000,1,0.5,54.22359108924871,694276,564155970,4672316618,4650028996,55083199,3131979364,54180871,557845760,4615915924,14040,23043177427,12036245885,5927,5927,11730,11730,12134,93,3380,104340,103040,0,19069,3525,1291,1301,1300,197,1289,14736964480,11516,1300,11516
2.0,1574400,828750000,1062400000,0,10,50,5,0,1,500000,1,-1.0,59.9747462272644,683507,618871342,4275517090,4260187253,61124460,2644603920,61014590,614450268,4211477164,19035,28854110802,10738578054,7898,7898,12004,12004,12490,112,3263,113361,111917,0,13322,3583,1435,1445,1444,148,1433,16591927840,13670,1444,13670
2.0,1420800,624750000,1600000000,0,10,5,5,0,1,950000,0,0.5,64.17897677421571,711974,713582081,4512953096,4496014245,70015652,2518221294,70463232,730211511,4614650257,19891,44364034308,10985885947,12310,12310,18524,18524,19129,4,3067,117871,116319,0,11604,3974,1543,1553,1552,215,1541,32086968768,16487,1552,16487
1.0,499200,828750000,1331200000,0,10,5,5,0,0,950000,0,0.9,134.94457435607902,985839,1404107703,7337842316,7380630187,122372268,4159430573,122280858,1397313972,7323535851,58843,40732325040,18101674969,32829,32829,46305,46305,47745,72,0,232350,229136,0,46524,2,3205,3215,3214,17,3203,65357753152,57238,3214,57238
3.0,499200,1134750000,1331200000,0,10,5,5,3,1,500000,1,-1.0,49.7251908779144,730814,534748329,4294120778,4311960397,54120285,2771898792,54823748,535922683,4321982381,14332,24054530563,11330064028,7594,7594,13297,13297,13766,116,3277,98717,97513,0,20637,3536,1195,1205,1204,240,1193,16164108096,12469,1204,12469
2.0,960000,1032750000,1331200000,0,10,5,5,3,1,500000,1,0.5,59.302560091018705,728974,668230981,4174381091,4175179475,67403146,2218295030,67812090,679279283,4191531777,24277,27493820919,9765290206,13165,13165,18580,18580,19101,34,3466,113097,111665,0,16531,4123,1423,1433,1432,255,1421,30261596256,18351,1432,18351
1.0,960000,1032750000,1600000000,0,10,50,5,0,0,500000,1,-1.0,57.3500792980194,543969,482178578,3513920162,3472905101,59288404,1688729553,59452071,495480231,3526610656,30188,68100363841,7547494667,19007,19007,21719,21719,22172,39,0,84625,83739,0,18704,2,877,887,886,11,875,34160833152,24075,886,24075
3.0,2035200,726750000,1866000000,0,10,5,5,3,0,500000,0,-1.0,56.228783369064296,768722,607039677,5192878776,5190317010,60095082,3282504667,59790911,606355123,5253388330,13816,27736162021,13472695469,7101,7101,12872,12872,13349,115,3545,106842,105494,0,18722,3741,1339,1349,1348,225,1337,14682688480,12564,1348,12564
3.0,499200,1236750000,1062400000,0,10,50,5,0,1,500000,1,0.5,49.4001312255859,781097,568031787,3856247349,3848536717,59552849,2185482454,60543665,566419554,3844616515,13831,59371403560,9205518615,11006,11006,18838,18838,19262,3,2606,95943,94751,0,19684,3485,1183,1193,1192,232,1181,32204457632,12186,1192,12186
1.0,1420800,828750000,1866000000,0,10,5,5,3,0,500000,1,0.9,63.4781284332275,816820,721791162,4261965694,4250083231,71473970,2172394231,70990830,713887260,4238154933,32451,37791900842,9722534703,15089,15089,19069,19069,19571,4,0,121407,119867,0,20257,1,1531,1541,1540,14,1529,27881692512,25131,1540,25131
3.0,2035200,726750000,1600000000,0,10,50,5,0,0,500000,0,0.5,57.39186787605289,719449,667904041,4420532053,4420591833,65391657,2427989957,66066998,665804433,4396420206,12966,60888896364,10384937660,10515,10515,18892,18892,19392,29,2616,107977,106593,0,18888,3619,1375,1385,1384,277,1373,31106141216,11582,1384,11582
3.0,2035200,930750000,1866000000,0,10,5,5,0,1,950000,0,0.5,46.3734912872315,760853,532112166,3639735879,3601666444,53220537,1941937439,53895946,537929320,3658183101,9930,47302146749,8561317795,8284,8284,15019,15019,15416,0,2130,89523,88403,0,15141,2863,1111,1121,1120,251,1109,24108957280,9134,1120,9134
3.0,960000,828750000,800000000,0,10,5,5,0,1,500000,1,-1.0,65.85472464561461,715616,769681910,4815353003,4803610001,72934614,2673412329,72297140,763946911,4773509379,18240,82167372654,11243586729,16353,16353,28662,28662,29263,3,3364,124579,122991,0,25016,5313,1579,1589,1588,382,1577,48842882944,16626,1588,16626
2.0,1420800,828750000,1062400000,0,10,5,5,0,0,500000,1,0.9,60.0574178695679,680649,628277192,4315714298,4346800559,61351234,2724905028,60750226,629084389,4329182339,18573,28977329314,11088427531,7922,7922,12112,12112,12640,106,2930,113203,111765,0,14807,3318,1429,1439,1438,155,1427,16672543136,13184,1438,13184
2.0,1881600,1300500000,1866000000,0,10,5,5,3,1,950000,0,0.5,39.860429763793896,846392,459293515,3096229415,3064830560,51182957,1615013113,51535117,473398969,3101144445,11961,41375238283,7174619679,7962,7962,12192,12192,12577,3,1568,78102,77138,0,8015,2191,955,965,964,130,953,20748992704,9210,964,9210
3.0,2035200,1236750000,800000000,0,10,50,5,3,1,950000,1,0.5,59.66940116882321,860154,696735161,4551033624,4532126474,69479682,2591312318,67958010,692152474,4514983026,17348,81478494363,10606637678,15229,15229,24902,24902,25477,56,3348,114767,113323,0,24438,4750,1435,1445,1444,281,1433,40813154688,15555,1444,15555
1.0,652800,930750000,1062400000,0,10,50,5,0,1,950000,1,0.9,74.7742006778717,570723,669496446,4405414266,4426898070,73619307,2189929126,74095802,669936234,4394045900,50509,72427061775,9823080636,27398,27398,28641,28641,29290,6,0,130011,128747,0,31288,10,1255,1265,1264,15,1254,42852218400,38802,1264,38802
4.0,1574400,624750000,1600000000,0,10,50,5,3,0,500000,1,-1.0,64.9844603538513,726386,684075358,5636647959,5615875670,64861649,3791052251,65635375,699639267,5764824238,15078,29368093316,15109647736,6912,6912,15315,15315,15756,47,3584,127140,125564,0,26278,4095,1567,1577,1576,320,1565,19941890048,14168,1576,14168
3.0,2035200,930750000,1866000000,0,10,5,5,0,1,950000,0,0.5,48.8590483665466,789915,566608003,3763981606,3774254312,56824043,2096276710,56242043,558680040,3731999334,11271,49543255563,8796277660,9189,9189,15816,15816,16231,93,2357,93714,92540,0,16288,3184,1165,1175,1174,243,1163,25312456640,10112,1174,10112
3.0,499200,1134750000,1331200000,0,10,50,5,3,1,500000,1,-1.0,48.22903919219971,723510,554317439,3700648777,3660830792,60216567,2050427643,60207535,555270719,3718949856,13649,46773086373,8897728728,10494,10494,18099,18099,18528,34,2491,94707,93539,0,19439,3421,1159,1169,1168,250,1157,30466320704,11914,1168,11914
3.0,1267200,624750000,1331200000,0,10,5,5,0,0,950000,0,0.9,65.8200261592865,677052,762543477,4923686279,4930333669,70494693,2799179114,69983540,738365112,4879798674,17404,47565956918,11474687817,13549,13549,24269,24269,24893,0,3862,123698,122110,0,25286,4741,1579,1589,1588,340,1577,38850394784,16145,1588,16145
1.0,499200,828750000,1331200000,0,10,50,5,0,0,950000,0,0.9,127.095865488052,961686,1334963343,6977167414,7016065230,117452250,3948472302,116879464,1326585274,6962880707,54087,38484193292,17222628099,29708,29708,43282,43282,44552,0,0,220321,217263,0,42949,11,3049,3059,3058,19,3047,61749336192,52908,3058,52908
3.0,1267200,1300500000,800000000,0,10,5,5,0,1,950000,0,-1.0,63.437906742096004,870598,668705907,5354328363,5327768924,65952591,3567579769,66337323,663664397,5401885848,19836,31983563215,14010935660,10637,10637,19446,19446,20086,105,4846,119687,118171,0,25140,4837,1507,1517,1516,283,1505,26283176224,16611,1516,16611
3.0,960000,828750000,800000000,0,10,5,5,0,1,500000,1,-1.0,65.95584106445311,716769,765002417,4788919613,4813772837,73344642,2709624362,73144585,745599571,4788856868,17911,83280525389,11312439889,16343,16343,28872,28872,29498,9,3473,124610,123022,0,25852,5146,1579,1589,1588,382,1577,49374308480,16088,1588,16088
2.0,1267200,1300500000,665600000,0,10,50,5,0,0,500000,0,0.9,66.020781993866,952146,712261601,4985238285,4971257649,75645858,3128498575,75454783,709109544,5026378168,20724,50489352921,13100101669,11236,11236,18264,18264,19095,7,3293,123669,122069,0,15244,4172,1591,1601,1600,274,1589,26171162432,16374,1600,16374
3.0,652800,1236750000,800000000,0,10,5,5,3,1,500000,0,-1.0,58.100618839263895,845501,666944765,4286920728,4363108747,65460173,2441113685,64710821,672459753,4322156308,14574,77326809512,10153383889,13812,13812,24401,24401,24954,10,3065,111174,109766,0,24608,4289,1399,1409,1408,327,1397,42008183744,13612,1408,13612
3.0,1728000,1236750000,800000000,0,10,50,5,3,0,950000,0,0.9,60.9406304359436,851084,656573702,4906986823,4981158801,64858165,3228878847,64602263,646292304,4943843648,16720,39922130593,12830322194,9772,9772,16939,16939,17518,102,4164,116487,115019,0,22528,4356,1459,1469,1468,264,1457,21822015296,14565,1468,14565
2.0,1574400,1236750000,665600000,0,10,5,5,0,0,500000,1,0.5,67.4644775390625,889983,769001782,4765767770,4797334908,78733543,2675695182,78603635,773783135,4786804442,28238,87412982096,11286293832,19604,19604,28387,28387,29105,3,3304,125705,124081,0,15617,4996,1615,1625,1624,311,1613,50746814560,21763,1624,21763
2.0,1574400,828750000,1062400000,0,10,5,5,0,1,500000,1,-1.0,59.1602432727814,701548,751842941,4773699221,4757927523,70781624,2385593134,70666649,731709720,4708598633,27184,104624627708,10477958070,21924,21924,28906,28906,29604,0,3075,113561,112129,0,15284,4588,1423,1433,1432,329,1421,55056754240,20923,1432,20923
3.0,1420800,828750000,1062400000,0,10,50,5,3,1,500000,1,0.9,60.03181457519529,687304,695112038,4667856229,4640367030,69920901,2674200295,69583719,686411633,4595301556,18417,60763610498,10957387652,15074,15074,25570,25570,26108,3,3424,115506,114050,0,25268,4461,1447,1457,1456,286,1445,43560312832,16151,1456,16151
3.0,2035200,930750000,1062400000,0,10,5,5,3,1,500000,0,0.9,55.73809170722961,706911,581546185,4546324927,4654070249,58173892,3039480886,58525967,581861897,4602776395,15297,32059834271,11814792597,7799,7799,13961,13961,14443,137,3728,108563,107215,0,19274,3938,1339,1349,1348,255,1337,16557057184,13286,1348,13286
2.0,1420800,1032750000,665600000,0,10,5,5,3,0,950000,0,-1.0,70.435834646225,812352,820876352,5040135086,5002397351,78189404,2709016820,78108666,823638011,5008743732,27311,107698711400,11671675623,21804,21804,30983,30983,31743,37,2744,129103,127407,0,18900,4974,1687,1697,1696,285,1685,57694059520,22493,1696,22493
3.0,499200,828750000,1331200000,0,10,50,5,0,0,950000,0,-1.0,62.5851278305054,670587,696765450,5367260503,5410916613,70181034,3586774779,69065290,696905635,5314587338,23950,25069383882,13907524468,11807,11807,22291,22291,22944,10,5038,119442,117926,0,39068,4501,1507,1517,1516,277,1505,32774171712,21298,1516,21298
4.0,1574400,624750000,1600000000,0,10,5,5,3,0,500000,1,-1.0,63.347461938858004,713257,711943423,4611619022,4707549558,69105044,2668208081,68676588,702009045,4634351545,12441,53671798698,11103876588,11230,11230,22452,22452,22976,34,2705,120888,119360,0,24436,4210,1519,1529,1528,399,1517,35061481504,12854,1528,12854
2.0,1267200,1300500000,665600000,0,10,50,5,0,0,500000,0,0.9,65.8625383377075,966225,761258347,4724370700,4736898869,76456305,2624707350,77034632,758705181,4758801692,25864,117047823318,11185854674,22168,22168,31255,31255,31957,28,2777,121800,120212,0,16203,5276,1579,1589,1588,274,1578,58176702176,21372,1588,21372
3.0,499200,828750000,1331200000,0,10,5,5,0,0,950000,0,-1.0,61.9507865905762,663643,681048455,5302800252,5277149902,66403226,3428973969,65452593,680279715,5233000603,23433,24151293749,13532493395,11349,11349,21490,21490,22090,0,4836,117793,116301,0,38366,4302,1483,1493,1492,262,1481,31491289024,20869,1492,20869
2.0,960000,1300500000,665600000,0,10,50,5,3,1,500000,1,-1.0,66.8044557571411,873289,685957477,4519877727,4464614524,67513066,2810237401,67502867,698766875,4542968631,22586,34955271949,11581624178,10892,10892,17459,17459,18097,3,3658,124987,123375,0,14820,4410,1603,1613,1612,245,1601,26265767840,16813,1612,16813
1.0,960000,1300500000,1600000000,0,10,5,5,0,0,950000,0,0.5,91.4699454307556,1055583,928678246,4957209929,5032715365,87318190,2788218388,87429310,902313314,5032446173,33264,28732082039,12347330788,16112,16112,22533,22533,23647,72,0,153273,151187,0,25232,13,2077,2087,2086,10,2075,32015683648,31738,2086,31738
3.0,1267200,828750000,1600000000,0,10,5,5,0,1,950000,1,0.5,52.256259202957104,684816,590792822,4033443811,4089258873,60772581,2324069250,60490061,587097685,4065033997,12263,47592343158,9704300504,9841,9841,17302,17302,17720,1,2693,100051,98787,0,18442,3488,1255,1265,1264,263,1253,28452187904,10778,1264,10778
3.0,1267200,1134750000,1866000000,0,10,50,5,3,1,950000,0,-1.0,43.170355796814,787166,513571613,3499886181,3473020087,53477618,1911131806,52852661,511093690,3462468887,10847,39889375580,8018672024,8641,8641,14770,14770,15146,34,2312,85418,84370,0,14594,3096,1039,1049,1048,190,1037,24097855776,10083,1048,10083
2.0,960000,1134750000,1866000000,0,10,5,5,0,0,500000,1,-1.0,45.676668405532894,793732,460097270,3374759432,3209337356,50547543,1962603441,51390046,481320250,3382709372,13928,18512959021,8514363678,5790,5790,8654,8654,9039,137,2252,89752,88644,0,9236,2741,1099,1109,1108,105,1097,11905874688,9890,1108,9890
3.0,1267200,828750000,1600000000,0,10,5,5,0,1,950000,1,0.5,52.1908130645752,683968,590150392,3914874623,3894116890,61061599,2181698858,61113207,604249071,3923248387,12899,47268075047,9290089313,9704,9704,17496,17496,17951,4,2590,99876,98612,0,18610,3582,1255,1265,1264,262,1253,28321449184,11400,1264,11400
3.0,1574400,624750000,1600000000,0,10,5,5,0,1,500000,1,0.5,66.428352355957,735541,678632372,5676980320,5717247989,65105828,3960965337,64543843,692216889,5719268346,17716,28108700408,14886012354,8069,8069,15353,15353,15928,76,4303,125963,124363,0,24769,4504,1591,1601,1600,291,1589,19137603296,15336,1600,15336
2.0,1113600,1300500000,1600000000,0,10,5,5,0,1,500000,1,0.9,41.671484708786004,797472,491770851,3161446018,3191588166,53711484,1703523515,53569918,476351579,3189194424,15447,41871734341,7387933727,9198,9198,13406,13406,13821,4,2194,82839,81827,0,9850,2799,1003,1013,1012,167,1001,23072920768,11620,1012,11620
2.0,1881600,930750000,1866000000,0,10,50,5,3,1,500000,0,0.9,47.731709480285595,764244,546865798,3549594219,3584766248,56852454,1926894336,55599134,545421901,3555858104,14574,45751176393,8198887733,9581,9581,14519,14519,14939,3,1760,90676,89520,0,9077,2689,1147,1157,1156,168,1145,25008594688,11782,1156,11782
3.0,1728000,930750000,1331200000,0,10,50,5,0,1,950000,0,0.9,53.0397102832794,683478,597884423,4091874537,4098501633,62468266,2311121909,62575453,597057174,4100978556,13649,53993781347,9807853760,11576,11576,19856,19856,20346,80,2681,101334,100070,0,20677,3662,1255,1265,1264,254,1253,31981254944,12454,1264,12454
3.0,1728000,1032750000,1600000000,0,10,50,5,0,1,950000,0,0.9,49.3644485473633,748739,553179231,3969891786,4027323251,59608256,2236933016,58433344,552072523,3998460729,11529,52442968164,9475526222,10002,10002,17108,17108,17565,77,2360,92382,91226,0,17388,3355,1147,1157,1156,259,1145,26630205536,10809,1156,10809
2.0,2035200,828750000,1866000000,0,10,50,5,3,0,500000,0,0.5,50.9782965183258,761470,589238016,3785934547,3818741490,59176418,2043216294,58736937,576303953,3714775457,15003,52286792704,8615730468,10391,10391,15381,15381,15824,7,1893,96115,94887,0,9904,2906,1219,1229,1228,160,1217,26449165568,12178,1228,12178
4.0,960000,1032750000,1331200000,0,10,50,5,3,0,950000,1,0.9,56.162050247192404,725711,661501097,5584775338,5558906506,66574694,3500615458,66643951,670188997,5603369350,20364,32625216007,13625715800,13726,13726,23480,23480,23993,3,3727,113691,112331,0,38026,4762,1351,1361,1360,332,1349,34314432544,20128,1360,20128
3.0,499200,930750000,1062400000,0,10,50,5,3,1,950000,1,-1.0,55.1919660568237,692319,644747072,4284599640,4235582052,63077377,2343539129,63546924,647997062,4270326833,15720,63363221427,10006667581,13250,13250,22198,22198,22683,4,2963,106543,105207,0,23966,4205,1327,1337,1336,291,1325,37819631840,14290,1336,14290
4.0,1420800,1300500000,1331200000,0,10,50,5,3,1,950000,0,0.9,46.845375061035206,782265,505068482,4424133546,4411297491,53005916,2973631030,53439859,510804340,4373333706,12350,22798422520,11306519305,6312,6312,12823,12823,13185,90,3078,95212,94080,0,20912,3368,1123,1133,1132,231,1121,16914913984,11767,1132,11767
2.0,2035200,930750000,1866000000,0,10,5,5,0,1,500000,0,0.5,47.2237899303436,771997,551111450,3601097258,3562390590,57982715,1913900498,57365982,548393876,3540530312,13661,48398545093,8229360429,9514,9514,14137,14137,14565,0,1672,90173,89029,0,10559,2454,1135,1145,1144,161,1133,24333261568,11097,1144,11097
3.0,345600,726750000,1331200000,0,10,50,5,0,1,500000,0,0.9,61.3530957698822,651833,702468755,4712909516,4646396145,65763906,2622057372,65933101,698020172,4648643691,14883,43634576414,11092459102,12038,12038,21549,21549,22122,0,3198,115649,114169,0,24526,4289,1471,1481,1480,347,1469,36009909504,13540,1480,13540
2.0,1881600,1300500000,1866000000,0,10,50,5,3,1,950000,0,0.5,40.3736288547516,848235,483698080,3111215465,3081792764,51285003,1590484483,51341583,469998638,3123944689,12708,42344987088,7162586632,8207,8207,12192,12192,12558,34,1504,78882,77906,0,9455,2045,967,977,976,129,965,21301789760,10112,976,10112
3.0,1728000,624750000,1866000000,0,10,5,5,3,0,950000,1,0.9,60.301759958267205,784997,678620625,4409693982,4473927722,65601574,2553521258,66611560,681060199,4545095079,14356,53261211425,10917606460,10626,10626,19721,19721,20207,3,2929,113373,111917,0,20258,3977,1447,1457,1456,309,1445,31750215104,12703,1456,12703
2.0,1420800,1032750000,665600000,0,10,50,5,3,0,950000,0,-1.0,69.5620486736298,786198,728572159,4867511654,4786501672,68508531,2993896276,68743890,743027082,4880246317,20767,45187356817,12331091691,10682,10682,17407,17407,18111,3,3312,127559,125875,0,16143,4220,1675,1685,1684,277,1673,25436936096,16572,1684,16572
1.0,960000,1236750000,1062400000,0,10,5,5,3,1,950000,0,-1.0,58.868355035781896,829405,575039534,3331677289,3321478969,59213021,1776829104,58456198,594434950,3367026349,18219,28354123493,7994986671,8983,8983,11045,11045,11511,117,0,105697,104289,0,13212,0,1399,1409,1408,8,1397,15299279360,16899,1408,16899
4.0,960000,1032750000,665600000,0,10,5,5,3,1,500000,0,-1.0,72.7571125030518,767459,838264168,5431671602,5455182997,78624632,3143141563,78144667,845939547,5410084146,16876,73432674478,12855790648,24604,24604,42585,42585,43216,0,3455,138681,136925,0,39814,6244,1747,1757,1756,463,1745,76947083808,18400,1756,18400
1.0,1574400,726750000,665600000,0,10,5,5,0,1,500000,0,0.5,92.47096109390259,770325,947599753,5015000086,4991841381,85701568,2731237647,86030517,938009691,4970819643,34253,47048925788,12292333317,17850,17850,23586,23586,24588,56,0,159238,157038,0,25841,0,2191,2201,2200,12,2189,32025689536,33201,2200,33201
2.0,1113600,1300500000,1600000000,0,10,50,5,0,1,500000,1,0.9,45.6893858909607,817676,472538724,3305177306,3334852164,50785727,1976004704,51235251,463316948,3309645226,14024,19932050202,8461151448,5967,5967,8528,8528,8884,114,2512,87840,86762,0,10822,2318,1069,1079,1078,111,1067,11763363008,9898,1078,9898
3.0,1728000,624750000,1866000000,0,10,50,5,3,0,950000,1,0.9,62.4316208362579,793348,646420490,5162240815,5190429159,62496608,3469059225,61309220,638966164,5123700755,16586,26727257753,13377987480,6849,6849,13373,13373,13828,91,4016,119528,118024,0,21940,4018,1495,1505,1504,217,1493,16546486048,13729,1504,13729
2.0,1574400,1300500000,1600000000,0,10,5,5,0,1,500000,0,-1.0,41.2731652259827,836594,460021841,3094481815,3153741737,54500289,1714823811,53744796,465218264,3127912670,12581,45124323660,7258256200,8539,8539,12867,12867,13262,0,1907,80839,79839,0,9406,2485,991,1001,1000,146,989,22693425952,9984,1000,9984
3.0,1728000,1300500000,1062400000,0,10,50,5,3,1,950000,1,0.9,48.49447154998779,831694,561344718,3801792689,3713915266,57675875,2008763581,57890988,585918849,3828288919,12950,61573824321,8982060491,10784,10784,18643,18643,19075,10,2531,96049,94869,0,19536,3428,1171,1181,1180,266,1169,31130053472,11476,1180,11476
1.0,1420800,1300500000,1062400000,0,10,5,5,3,0,950000,0,0.9,70.0904808044434,890827,782490850,4809214865,4837998159,78802502,2459122960,78399824,774946594,4764158595,34983,84711705145,10866198211,22594,22594,29374,29374,30087,3,0,126417,124799,0,24890,2,1609,1619,1618,12,1607,43211716448,32541,1618,32541
3.0,1113600,828750000,665600000,0,10,5,5,3,0,500000,1,-1.0,72.8935198783875,714993,842441109,5406952637,5382046740,78994298,3049566167,80234441,832014650,5444299132,22304,89000119035,13109998577,21023,21023,35696,35696,36351,5,4073,136768,135012,0,34157,5760,1747,1757,1756,372,1745,63187166592,20351,1756,20351
3.0,1267200,726750000,1331200000,0,10,5,5,0,1,950000,0,-1.0,62.214223384857206,655977,698031981,4756992844,4738530630,68633228,2727577210,69469158,714905846,4855355829,17233,45692066227,11638377910,13182,13182,23161,23161,23769,59,3711,117684,116186,0,26280,4380,1489,1499,1498,310,1487,37104705280,15741,1498,15741
3.0,1728000,1300500000,800000000,0,10,5,5,0,1,500000,1,0.9,58.2213480472565,875338,685630990,4473554098,4464551867,66499596,2493620883,66015446,684218351,4443778762,16645,74433950047,10506457589,14974,14974,26062,26062,26607,0,3108,112013,110605,0,25175,4318,1399,1409,1408,301,1397,43866414432,14769,1408,14769
3.0,1267200,624750000,1331200000,0,10,5,5,0,0,950000,0,0.9,69.0932247638702,693424,739681990,5899044374,5917192904,69174855,3961220121,69146532,735355697,5833141063,21403,29722918488,15236356793,9906,9906,19406,19406,20060,78,4940,130165,128493,0,27827,4881,1663,1673,1672,341,1661,24929469344,18735,1672,18735
4.0,806400,930750000,1331200000,0,10,5,5,3,0,950000,1,0.5,58.9174234867096,692147,675754314,5101013744,5152800448,66953859,3182152527,67207407,666906727,5191744378,16257,28691090633,12850613808,12028,12028,23766,23766,24288,38,3892,115799,114379,0,33082,4579,1411,1421,1420,313,1409,36083983328,16104,1420,16104
3.0,1881600,1236750000,1062400000,0,10,50,5,0,0,500000,1,0.5,48.8558611869812,777688,558149361,3787451876,3851308631,59098025,2143283074,58503404,569348071,3813857960,13356,58213920878,8966510087,11032,11032,18922,18922,19345,0,2526,95542,94362,0,19749,3326,1171,1181,1180,246,1169,31484129920,11584,1180,11584
3.0,1728000,1300500000,1062400000,0,10,50,5,0,0,500000,0,0.9,55.9027762413025,844346,596363793,4890509274,4871177090,62265725,3233855316,62213434,601745437,4911872464,14886,30082858049,12772122795,7068,7068,14097,14097,14578,77,3607,106802,105454,0,20762,3429,1339,1349,1348,226,1337,18296678432,12018,1348,12018
1.0,2035200,624750000,1600000000,0,10,50,5,0,0,950000,1,0.9,66.4882719516754,764124,763858530,4470236472,4516825489,74716480,2292319701,73882803,764285064,4481189247,32909,65610618376,10339701274,17362,17362,22433,22433,23042,3,0,124233,122621,0,21564,0,1603,1613,1612,7,1601,33839040224,27087,1612,27087
3.0,2035200,726750000,1600000000,0,10,50,5,0,0,500000,0,0.5,56.0343925952911,710336,646713666,4342434004,4315986991,65569305,2377072759,66455873,651524691,4347544338,12299,59681068295,10341152664,10342,10342,19011,19011,19521,9,2564,105959,104599,0,18087,3574,1351,1361,1360,298,1349,30417556480,11140,1360,11140
2.0,960000,1032750000,1331200000,0,10,5,5,3,1,500000,1,0.5,56.183933258056605,708434,600228429,3580751283,3554144805,60698990,2067465324,61006190,606207354,3573244095,19447,20656612723,8829262740,9111,9111,14658,14658,15164,4,3198,107491,106131,0,14202,3200,1351,1361,1360,209,1349,22965508256,14096,1360,14096
3.0,1574400,1134750000,1600000000,0,10,50,5,0,1,950000,1,0.9,44.2886776924133,714081,506466658,3605898656,3691882823,55908403,2145651359,54974455,509527001,3593500002,13120,38020338328,8470247510,8993,8993,15200,15200,15585,4,2348,87874,86802,0,15942,3108,1063,1073,1072,184,1061,24960962400,11079,1072,11079
3.0,652800,1236750000,800000000,0,10,50,5,3,1,500000,0,-1.0,60.0585854053497,847150,631985413,4690179073,4682752572,62983808,2990918458,61927340,635724763,4765038664,15507,38918637741,12288520630,8578,8578,16120,16120,16668,124,4333,114625,113181,0,23338,4442,1435,1445,1444,291,1433,21616692544,13848,1444,13848
3.0,1728000,1300500000,1062400000,0,10,50,5,3,1,950000,1,0.9,47.8055267333984,820498,551257862,3682443743,3670257876,60230143,2026682486,59123374,547052002,3651604776,13572,60819143701,8619649684,10682,10682,18336,18336,18720,34,2460,94413,93257,0,18615,3404,1147,1157,1156,231,1145,30626162656,11925,1156,11925
1.0,652800,930750000,1062400000,0,10,50,5,0,1,950000,1,0.9,64.2554891109467,734182,649110516,3535839581,3517664587,63131928,1953520639,63798842,652068692,3532104493,26071,26061005220,8596546354,12290,12290,12923,12923,13657,100,0,124246,122706,0,16470,2,1531,1541,1540,13,1529,15969876544,20624,1540,20624
2.0,1881600,726750000,1062400000,0,10,5,5,3,0,500000,1,0.5,64.03872132301329,710893,788854834,5074518243,5072181077,78125299,2589572801,76518848,795597092,5044132417,29323,113561044931,11247493192,23741,23741,31179,31179,31887,40,2764,121475,119923,0,15309,4935,1543,1553,1552,318,1541,60579880544,22973,1552,22973
4.0,806400,930750000,1331200000,0,10,50,5,3,0,950000,1,0.5,58.904940128326395,689242,647157646,5615704296,5547940595,64540467,3907042681,64609230,650826648,5645801965,18798,23530504139,14791078835,10270,10270,21359,21359,21858,4,4471,115275,113855,0,37146,4551,1411,1421,1420,324,1409,30179089248,18136,1420,18136
2.0,2035200,1134750000,1600000000,0,10,5,5,3,1,500000,0,0.5,43.9391422271729,738045,549858316,3734574190,3706781526,58203277,1874330495,58667757,543620845,3742675246,16676,70296240798,8393196413,13392,13392,18006,18006,18410,3,1593,85046,83986,0,8752,2756,1051,1061,1060,157,1049,34635481568,13158,1060,13158
3.0,1881600,726750000,800000000,0,10,5,5,0,1,950000,1,0.5,69.7932283878326,702721,716332431,5576735445,5540227430,67930425,3774229728,68921739,730472455,5648637599,18659,42922570463,14888116955,10126,10126,18537,18537,19166,105,4446,132938,131254,0,25387,4880,1675,1685,1684,325,1673,23415098336,15951,1684,15951
3.0,1728000,1300500000,1062400000,0,10,5,5,0,0,500000,0,0.9,54.627378463745096,845027,590565962,4931467723,4909929994,64386337,3220489055,64663968,603094445,4967101723,15657,30040213038,12928239277,7280,7280,14366,14366,14879,53,3508,105098,103774,0,20906,3518,1315,1325,1324,223,1314,18107404800,12965,1324,12965
1.0,960000,1236750000,1062400000,0,10,50,5,3,1,950000,0,-1.0,53.5338218212128,805106,547475361,3100871088,3099101415,54963172,1688376406,56087622,544706814,3130908128,17351,26628541690,7547180241,7091,7091,9640,9640,9981,36,0,97945,96645,0,12201,0,1291,1301,1300,6,1289,14185603200,15397,1300,15397
2.0,1574400,828750000,1600000000,0,10,50,5,3,1,500000,1,0.5,55.0289652347565,681531,565218028,3864781815,3857065232,55930139,2364563907,57321668,575683256,3871719968,18050,22255088054,9963435084,7376,7376,11215,11215,11689,72,2873,105382,104058,0,13328,2908,1315,1325,1324,157,1313,15276280416,12730,1324,12730
2.0,1728000,1134750000,1062400000,0,10,5,5,0,0,950000,1,-1.0,52.74928402900699,765753,662795408,4413836657,4389974848,66281527,2229527409,66493927,662542371,4328843119,24438,93058453321,9628487537,19321,19321,24958,24958,25540,0,2544,102727,101451,0,12379,4154,1267,1277,1276,254,1265,48905061824,18492,1276,18492
2.0,1881600,1032750000,1600000000,0,10,50,5,3,0,500000,0,0.9,45.9018726348877,719862,556952372,3877588270,3913429420,60768689,2053165016,60126211,570723648,3967844632,18047,74550497486,8930086067,14420,14420,18921,18921,19370,34,1763,88693,87585,0,12616,2821,1099,1109,1108,196,1097,36578559232,14570,1108,14570
3.0,2035200,930750000,1062400000,0,10,50,5,3,1,500000,0,0.9,53.69223809242251,711573,655503613,4496079339,4473239760,64647617,2368886868,65057689,650501906,4469726877,14636,99863454556,10152620099,16384,16384,26880,26880,27342,0,2637,104110,102810,0,23238,3936,1291,1301,1300,300,1289,49638119744,13888,1300,13888
3.0,652800,1236750000,1866000000,0,10,5,5,0,0,950000,1,0.9,39.6202871799469,808279,462355129,3227337359,3184219013,50867085,1817813144,50636572,463563927,3214186959,10087,39127447571,7513393268,7707,7707,13150,13150,13476,0,2109,79978,79014,0,14819,2655,955,965,964,180,953,21571215680,8728,964,8728
2.0,1113600,1236750000,665600000,0,10,50,5,0,1,950000,1,-1.0,75.00667285919191,865340,877969807,5261945543,5274275332,84988167,2818957717,85068527,882974611,5253885652,35174,79067338741,12145334668,28879,28879,37252,37252,38026,6,3932,140556,138740,0,17032,6035,1807,1817,1816,380,1805,71909721920,27676,1816,27676
2.0,1881600,1300500000,1331200000,0,10,5,5,3,1,950000,0,0.9,45.1644215583801,800707,509282315,3349945963,3370583791,58407295,1848517844,58186733,510313339,3407192114,14680,48184742909,8044405323,10259,10259,15231,15231,15676,5,1702,86650,85554,0,7804,2704,1087,1097,1096,151,1085,26091832832,11931,1096,11931
3.0,2035200,726750000,1866000000,0,10,50,5,3,0,500000,0,-1.0,53.1491801738739,750807,609550573,4018775820,3951666969,60662492,2168233035,61019088,617121602,4099104945,11979,54760525852,9667858891,9606,9606,17436,17436,17900,42,2489,101338,100050,0,17728,3627,1279,1289,1288,276,1277,27758925216,11252,1288,11252
2.0,1113600,930750000,1062400000,0,10,5,5,3,0,950000,0,-1.0,54.557473421096795,703379,634251460,4022879601,4043664888,64959089,2154570039,64482115,625194069,3973592664,17737,64329907608,9237904901,12578,12578,18592,18592,19129,3,2339,102577,101253,0,11039,3639,1315,1325,1324,206,1313,32684601824,14685,1324,14685
3.0,1728000,1300500000,1062400000,0,10,5,5,3,1,950000,1,0.9,82.89666748046871,1065100,863789337,6406960194,6380407971,77780953,4197100054,77559659,873683446,6371683267,23521,53512913773,16485640566,10733,10733,19861,19861,20516,42,4987,153031,151035,0,31187,5147,1987,1997,1996,279,1985,27582019552,18247,1996,18247
2.0,1574400,828750000,1600000000,0,10,5,5,3,1,500000,1,0.5,53.1719183921814,674695,595077052,3845033719,3819499499,62324442,2060673535,63057574,608635668,3878309627,19138,44720443879,9197359674,11279,11279,16831,16831,17354,3,2704,102477,101189,0,12743,3278,1279,1289,1288,199,1277,29165253632,13953,1288,13953
4.0,960000,1032750000,665600000,0,10,50,5,3,1,500000,0,-1.0,72.9860582351685,769834,848930734,5412967495,5371580637,79887235,3035419871,80280338,854057522,5423840161,16955,74298728476,12830515834,24351,24351,42117,42117,42735,3,3532,139202,137434,0,39371,6270,1759,1769,1768,467,1757,77608455648,18208,1768,18208
3.0,1728000,1134750000,800000000,0,10,50,5,0,1,950000,1,-1.0,60.6858701705933,792815,708598580,4541159285,4550042503,70020868,2591327760,70394469,700023792,4508841878,17355,75856542440,10644925296,15142,15142,26100,26100,26643,3,3021,115821,114353,0,25238,4438,1459,1469,1468,326,1457,44615453984,15493,1468,15493
2.0,1420800,828750000,1062400000,0,10,50,5,0,0,500000,1,0.9,58.2268924713135,687139,679638124,4361576113,4389427890,69231682,2371400168,69604474,676760068,4402813523,24468,77488041198,10246521617,17032,17032,23671,23671,24298,3,2565,113170,111762,0,14767,4264,1399,1409,1408,291,1397,41573517632,19155,1408,19155
1.0,1420800,1300500000,1062400000,0,10,5,5,3,0,950000,0,0.9,59.2116775512695,873564,601330882,3329915154,3345547642,60171465,1836067199,60403816,589307117,3320203972,18645,28689863197,8160780281,9272,9272,11718,11718,12178,72,0,106669,105243,0,13549,0,1417,1427,1426,4,1415,15350112832,17563,1426,17563
2.0,345600,624750000,1331200000,0,10,5,5,3,1,950000,0,0.5,71.6943726539612,709530,825577206,5121459288,5087494791,74941855,2733556060,75337395,827540393,5089723948,23648,50128020570,11964030144,15957,15957,24106,24106,24777,89,3283,130120,128388,0,14278,4575,1723,1733,1732,218,1721,40674339296,19646,1732,19646
3.0,652800,1300500000,1866000000,0,10,5,5,0,0,950000,0,0.5,54.040618896484396,921217,613882841,4458110575,4432312084,63703960,2809827951,63433579,609301909,4444243596,23600,19763352722,11189568616,11310,11310,20675,20675,21238,3,3788,104945,103633,0,37430,3954,1303,1313,1312,271,1301,31963368320,20938,1312,20938
3.0,1574400,828750000,1866000000,0,10,50,5,0,0,950000,1,-1.0,51.17624735832211,753339,576225240,3969404589,3888874828,59437583,2167019403,59757102,586897221,3958331310,12590,45956919108,9388428912,9553,9553,16918,16918,17327,4,2595,98665,97425,0,17274,3462,1231,1241,1240,231,1229,27415672704,10935,1240,10935
3.0,2035200,930750000,1866000000,0,10,50,5,0,1,950000,0,0.5,46.470390081405604,763875,521451962,3593327294,3614441980,54577264,2035135936,55046011,526902840,3681013966,10007,47480164303,8663695287,8074,8074,14995,14995,15381,4,2207,89562,88442,0,15485,2881,1111,1121,1120,231,1109,24187094912,8938,1120,8938
3.0,1574400,828750000,1866000000,0,10,50,5,0,0,950000,1,-1.0,54.33597922325129,780000,634154671,4362610703,4288999384,62179156,2353829731,62682400,639694695,4340087864,14430,48589980517,10317131616,11046,11046,18502,18502,19000,96,2849,104890,103578,0,19909,3949,1303,1313,1312,265,1301,29059299040,12820,1312,12820
3.0,2035200,1236750000,800000000,0,10,5,5,3,1,950000,1,0.5,57.4224727153778,834481,648109363,4255066137,4302484303,66683438,2377211122,66283234,669572078,4313515198,16707,80762990011,10169228568,14260,14260,24567,24567,25110,34,3024,110403,109019,0,24862,4457,1375,1385,1384,284,1373,40423687040,15186,1384,15186
3.0,1113600,1236750000,1062400000,0,10,50,5,3,0,950000,0,0.5,52.552428007125904,801055,564958809,4541501947,4546503819,60009283,2882189440,58675300,574903681,4536627640,14733,31210526270,11570925981,7748,7748,13344,13344,13832,114,4129,102155,100903,0,21230,3882,1243,1253,1252,218,1241,17232735392,12549,1252,12549
1.0,652800,1300500000,1062400000,0,10,50,5,0,0,500000,0,-1.0,60.583357095718405,892072,607374641,3408165208,3382102225,59872585,1839203777,60809106,612416218,3423992276,18794,28492531882,8371805319,8227,8227,10543,10543,11043,51,0,107725,106269,0,13127,7,1447,1457,1456,10,1445,15189570080,16766,1456,16766
2.0,499200,828750000,1062400000,0,10,50,5,3,0,950000,1,-1.0,62.7270157337189,694965,729588633,4547525103,4543618250,72219046,2454169282,72046153,724458402,4574756898,25076,60709822050,10882472625,17401,17401,24303,24303,24901,3,2910,118206,116690,0,14973,4672,1507,1517,1516,239,1505,44083891264,19768,1516,19768
2.0,960000,1300500000,665600000,0,10,50,5,3,1,500000,1,-1.0,72.9150495529175,905448,890685632,5878045825,5867604336,87958470,3015099835,88834351,903057345,5944546987,43257,131971067004,13402527857,38241,38241,45719,45719,46662,34,3974,138820,137100,0,15119,7276,1711,1721,1720,431,1709,92837760544,34917,1720,34917
2.0,1574400,1300500000,1600000000,0,10,5,5,0,1,500000,0,-1.0,41.9583961963654,847721,513912180,3459081297,3482810770,55531451,1748208918,55898704,520508899,3505103841,14612,70125195664,7774713538,12374,12374,17266,17266,17675,0,1862,80813,79801,0,6854,2901,1003,1013,1012,163,1001,34204616000,11696,1012,11696
2.0,2035200,1236750000,1062400000,0,10,5,5,3,1,500000,1,0.9,49.8316390514374,794683,588980328,3659955097,3703327418,60261222,1958353084,59507799,568274787,3618204972,18777,60810409334,8291701584,12363,12363,17708,17708,18216,0,1993,96611,95407,0,12283,3232,1195,1205,1204,184,1193,30625750944,13835,1204,13835
3.0,1574400,828750000,1331200000,0,10,5,5,0,1,500000,0,-1.0,59.8219795227051,672250,648746162,5330881883,5403728482,69307965,3559870937,70184061,660230856,5445539566,17144,30169668965,14212954285,8442,8442,16217,16217,16826,77,3989,114639,113201,0,23421,3882,1429,1439,1438,254,1427,20053144544,14474,1438,14474
3.0,1113600,828750000,665600000,0,10,5,5,3,0,500000,1,-1.0,76.07123470306401,722708,815116666,6605734787,6527299100,76897571,4346781971,77727414,824354502,6651714157,23560,43107805854,17397326815,13689,13689,24276,24276,25101,119,5363,142649,140827,0,33005,5761,1813,1823,1822,342,1811,31394579296,20555,1822,20555
3.0,499200,930750000,1062400000,0,10,50,5,3,1,950000,1,-1.0,56.8541226387024,692372,600577800,4777086423,4867758133,60571294,3191878591,60259619,598774420,4816827360,15794,29832100789,12446074447,8138,8138,15143,15143,15689,109,3823,110521,109149,0,23218,4094,1363,1373,1372,255,1361,18410126720,13662,1372,13662
3.0,2035200,726750000,1600000000,0,10,5,5,0,0,500000,0,0.5,55.4318408966065,700059,634389346,4144790450,4062394933,60233574,2205906229,60757429,645781576,4167634452,11781,58873792177,9841782847,10066,10066,18155,18155,18612,1,2511,104606,103270,0,18488,3598,1327,1337,1336,294,1325,29984994432,10744,1336,10744
